Name;_name_or_path;precision;recall;F1;eval/accuracy;Train Epochs;Batch Size;Optimizer;fp16;eval/loss;State;Tags;Runtime;eval/runtime;learning_rate;train/epoch;Job Type;eval/samples_per_second;train/global_step;architectures;_n_gpu;activation;adam_beta1;adam_beta2;adam_epsilon;add_cross_attention;attention_dropout;attention_probs_dropout_prob;attn_type;bi_data;bos_token_id;clamp_len;d_head;d_inner;d_model;dim;dataloader_drop_last;dataloader_num_workers;dataloader_pin_memory;ddp_find_unused_parameters;debug;deepspeed;disable_tqdm;diversity_penalty;do_eval;do_predict;do_sample;do_train;dropout;early_stopping;embedding_size;encoder_no_repeat_ngram_size;end_n_top;eos_token_id;eval_batch_size;eval_steps;evaluation_strategy;ff_activation;fp16_backend;fp16_full_eval;fp16_opt_level;gradient_accumulation_steps;gradient_checkpointing;greater_is_better;group_by_length;hidden_act;hidden_dim;hidden_dropout_prob;hidden_size;id2label.0;id2label.1;id2label.2;id2label.3;id2label.4;id2label.5;id2label.6;id2label.7;id2label.8;ignore_data_skip;initializer_range;intermediate_size;is_decoder;is_encoder_decoder;label2id.LABEL_0;label2id.LABEL_1;label2id.LABEL_2;label2id.LABEL_3;label2id.LABEL_4;label2id.LABEL_5;label2id.LABEL_6;label2id.LABEL_7;label2id.LABEL_8;label_names;label_smoothing_factor;layer_norm_eps;length_column_name;length_penalty;load_best_model_at_end;local_rank;logging_dir;logging_first_step;logging_steps;logging_strategy;lr_scheduler_type;max_grad_norm;max_length;max_position_embeddings;max_relative_positions;max_steps;metric_for_best_model;min_length;model_type;mp_parameters;n_head;n_heads;n_layer;n_layers;no_cuda;no_repeat_ngram_size;num_attention_heads;num_beam_groups;num_beams;num_hidden_layers;output_attentions;output_dir;output_hidden_states;output_scores;overwrite_output_dir;pad_token_id;past_index;per_device_eval_batch_size;per_device_train_batch_size;per_gpu_eval_batch_size;per_gpu_train_batch_size;pooler_dropout;pooler_hidden_act;pooler_hidden_size;pos_att_type;position_biased_input;position_embedding_type;prediction_loss_only;problem_type;push_to_hub;qa_dropout;relative_attention;remove_invalid_values;remove_unused_columns;repetition_penalty;report_to;resume_from_checkpoint;return_dict;return_dict_in_generate;run_name;same_length;save_steps;save_strategy;save_total_limit;seed;sent_type_vocab_size;seq_classif_dropout;sharded_ddp;sinusoidal_pos_embds;skip_memory_metrics;start_n_top;summary_activation;summary_last_dropout;summary_type;summary_use_proj;task_specific_params.text-generation.do_sample;task_specific_params.text-generation.max_length;task_type_vocab_size;temperature;tie_encoder_decoder;tie_weights_;tie_word_embeddings;top_k;top_p;torchscript;tpu_metrics_debug;tpu_num_cores;transformers_version;type_vocab_size;untie_r;use_bfloat16;use_cache;use_legacy_prediction_loop;vocab_size;warmup_steps;weight_decay;Hostname;Notes;GPU Type;GPU Count;train/learning_rate;train/loss;train/total_flos;warmup_ratio;train/train_runtime;train/train_samples_per_second;directionality;activation_function;attn_pdrop;embd_pdrop;layer_norm_epsilon;n_ctx;n_embd;n_positions;resid_pdrop;scale_attn_weights;summary_first_dropout;summary_proj_to_labels;_num_labels;n_special;predict_special_tokens
electra-L-hdeg_5e;google/electra-large-discriminator;0.621;0.522;0.560;0.515;5;16;Adafactor;false;1.576901674;finished;hdeg_0to5;210201;50.4535;0.00002;5;Testrun;39.64;6250;"[""ElectraForPreTraining""]";1;;0.9;0.999;1.00E-08;false;;0.1;;;;;;;;;false;0;true;None;[];None;false;0;true;true;false;true;;false;1024;0;;;64;20;no;;auto;false;O1;1;;None;false;gelu;;0.1;1024;LABEL_0;LABEL_1;LABEL_2;LABEL_3;LABEL_4;LABEL_5;;;;false;0.02;4096;false;false;0;1;2;3;4;5;;;;None;0;1.00E-12;length;1;false;-1;runs/May27_10-15-57_3c89244b6238;false;20;steps;cosine;1;20;512;;-1;None;0;electra;;;;;;false;0;16;1;1;24;false;/content/gdrive/MyDrive/ColabNotebooks/SavedModels/google/electra-large-discriminator;false;false;true;0;-1;64;16;None;None;;;;;;absolute;false;;false;;;false;true;1;['wandb'];None;true;false;electra-L-hdeg_5e;;5000;steps;1;42;;;[];;true;;gelu;0.1;first;true;;;;1;false;;true;50;1;false;false;None;04.06.2001;2;;false;;false;30522;0;0;61617743d343;-;Tesla V100-SXM2-16GB;1;1.56E-10;0.7785;1.03E+16;0.1;8984.9784;0.696;;;;;;;;;;;;;;;
xlnet-hdeg_5e;xlnet-base-cased;0.514;0.552;0.555;0.548;5;12;AdamW;true;1.149691939;finished;hdeg_0to5;914894;177.7726;0.00002;5;Testrun;56.252;41670;"[""XLNetLMHeadModel""]";1;;0.9;0.999;1.00E-08;false;;;bi;false;1;-1;64;3072;768;;false;0;true;None;[];None;false;0;true;true;false;true;0.1;false;;0;5;2;64;20;no;gelu;auto;false;O1;1;;None;false;;;;;LABEL_0;LABEL_1;LABEL_2;LABEL_3;LABEL_4;LABEL_5;;;;false;0.02;;false;false;0;1;2;3;4;5;;;;None;0;1.00E-12;length;1;false;-1;runs/May19_06-09-49_67bb530ab9b1;false;20;steps;linear;1;20;;;-1;None;0;xlnet;;12;;12;;false;0;;1;1;;false;/content/gdrive/MyDrive/ColabNotebooks/SavedModels/xlnet-base-cased;false;false;true;5;-1;64;12;None;None;;;;;;;false;;false;;;false;true;1;['wandb'];None;true;false;xlnet-hdeg_5e;false;5000;steps;1;42;;;[];;true;5;tanh;0.1;last;true;true;250;;1;false;;true;50;1;false;false;None;04.06.2000;;true;false;;false;32000;0;0;61617743d343;-;Tesla V100-SXM2-16GB;1;1.49E-08;0.8211;3.61E+15;0.1;23453.6851;1.777;;;;;;;;;;;;;;;
bert-base-h0to5_5e;bert-base-uncased;0.558;0.550;0.552;0.538;5;32;AdamW;true;1.160246372;finished;hdeg_0to5;4642;26.4094;0.00002;5;Testrun;113.596;4690;"[""BertForMaskedLM""]";1;;0.9;0.999;1.00E-08;false;;0.1;;;;;;;;;false;0;true;None;[];None;false;0;true;true;false;true;;false;;0;;;64;20;no;;auto;false;O1;1;false;None;false;gelu;;0.1;768;LABEL_0;LABEL_1;LABEL_2;LABEL_3;LABEL_4;LABEL_5;;;;false;0.02;3072;false;false;0;1;2;3;4;5;;;;None;0;1.00E-12;length;1;false;-1;runs/May30_10-05-16_aefe8d3e37d9;false;20;steps;linear;1;20;512;;-1;None;0;bert;;;;;;false;0;12;1;1;12;false;/content/gdrive/MyDrive/ColabNotebooks/SavedModels/bert-base-uncased;false;false;true;0;-1;64;32;None;None;;;;;;absolute;false;;false;;;false;true;1;['wandb'];None;true;false;bert-base-h0to5_5e;;5000;steps;1;42;;;[];;true;;;;;;;;;1;false;;true;50;1;false;false;None;04.06.2001;2;;false;true;false;30522;0;0;aefe8d3e37d9;-;Tesla P100-PCIE-16GB;1;5.69E-08;0.7089;2.52E+16;0.1;3987.2398;1.176;;;;;;;;;;;;;;;
ernie-hdeg_balanced5e;nghuyong/ernie-2.0-en;0.565;0.551;0.552;0.547;5;12;Adafactor;true;1.218796611;finished;hdeg_0to5;1009111;99.6619;0.00002;5;Fullrun;195.481;64940;;1;;0.9;0.999;1.00E-08;false;;0.1;;;;;;;;;false;0;true;None;[];None;false;0;true;true;false;true;;false;;0;;;64;20;no;;auto;false;O1;1;false;None;false;gelu;;0.1;768;LABEL_0;LABEL_1;LABEL_2;LABEL_3;LABEL_4;LABEL_5;;;;false;0.02;3072;false;false;0;1;2;3;4;5;;;;None;0;0.00001;length;1;false;-1;runs/May18_04-12-13_da864d617b0d;false;20;steps;cosine;1;20;512;;-1;None;0;bert;;;;;;false;0;12;1;1;12;false;/content/gdrive/MyDrive/ColabNotebooks/SavedModels/nghuyong/ernie-2.0-en;false;false;true;0;-1;64;12;None;None;;;;;;absolute;false;;false;;;false;true;1;['wandb'];None;true;false;ernie-hdeg_balanced5e;;5000;steps;1;42;4;;[];;true;;;;;;;;16;1;false;;true;50;1;false;false;None;04.06.2000;4;;false;true;false;30522;0;0;61617743d343;-;Tesla V100-SXM2-16GB;1;9.03E-12;0.7709;9.97E+15;0.1;11017.9367;5.894;;;;;;;;;;;;;;;
distilbert-base-hdeg_balanced10e;distilbert-base-uncased;0.565;0.551;0.552;0.545;10;12;Adafactor;true;2.215505362;finished;hdeg_0to5;1082821;82.6802;0.00002;10;Fullrun;235.631;129880;"[""DistilBertForMaskedLM""]";1;gelu;0.9;0.999;1.00E-08;false;0.1;;;;;;;;;768;false;0;true;None;[];None;false;0;true;true;false;true;0.1;false;;0;;;64;20;no;;auto;false;O1;1;;None;false;;3072;;;LABEL_0;LABEL_1;LABEL_2;LABEL_3;LABEL_4;LABEL_5;;;;false;0.02;;false;false;0;1;2;3;4;5;;;;None;0;;length;1;false;-1;runs/May17_07-48-06_ad5efe06ea4e;false;20;steps;cosine;1;20;512;;-1;None;0;distilbert;;;12;;6;false;0;;1;1;;false;/content/gdrive/MyDrive/ColabNotebooks/SavedModels/distilbert-base-uncased;false;false;true;0;-1;64;12;None;None;;;;;;;false;;false;0.1;;false;true;1;['wandb'];None;true;false;distilbert-base-hdeg_balanced10e;;5000;steps;1;42;;0.2;[];false;true;;;;;;;;;1;false;true;true;50;1;false;false;None;04.06.2000;;;false;;false;30522;0;0;61617743d343;-;Tesla V100-SXM2-16GB;1;1.09E-11;0.2823;6.02E+15;0.1;26783.8194;4.849;;;;;;;;;;;;;;;
xlnet-hdeg_3eAdam;xlnet-base-cased;0.593;0.542;0.551;0.542;3;32;AdamW;true;0.988914073;finished;hdeg_0to5;343982;51.8087;0.00002;3;Testrun;57.905;2814;"[""XLNetLMHeadModel""]";1;;0.9;0.999;1.00E-08;false;;;bi;false;1;-1;64;3072;768;;false;0;true;None;[];None;false;0;true;true;false;true;0.1;false;;0;5;2;64;20;no;gelu;auto;false;O1;1;;None;false;;;;;LABEL_0;LABEL_1;LABEL_2;LABEL_3;LABEL_4;LABEL_5;;;;false;0.02;;false;false;0;1;2;3;4;5;;;;None;0;1.00E-12;length;1;false;-1;runs/May25_20-53-32_f7d59b7535af;false;20;steps;linear;1;20;;;-1;None;0;xlnet;;12;;12;;false;0;;1;1;;false;/content/gdrive/MyDrive/ColabNotebooks/SavedModels/xlnet-base-cased;false;false;true;5;-1;64;32;None;None;;;;;;;false;;false;;;false;true;1;['wandb'];None;true;false;xlnet-hdeg_3eAdam;false;5000;steps;1;42;;;[];;true;5;tanh;0.1;last;true;true;250;;1;false;;true;50;1;false;false;None;04.06.2001;;true;false;;false;32000;0;0;61617743d343;-;Tesla V100-SXM2-16GB;1;1.26E-07;0.9401;1.62E+16;0.1;3779.514;0.745;;;;;;;;;;;;;;;
bert-base-h0to5_3e;bert-base-uncased;0.562;0.545;0.550;0.544;3;32;Adafactor;true;0.98298806;finished;hdeg_0to5;964;14.1016;0.00002;3;Testrun;212.742;2814;"[""BertForMaskedLM""]";1;;0.9;0.999;1.00E-08;false;;0.1;;;;;;;;;false;0;true;None;[];None;false;0;true;true;false;true;;false;;0;;;64;20;no;;auto;false;O1;1;false;None;false;gelu;;0.1;768;LABEL_0;LABEL_1;LABEL_2;LABEL_3;LABEL_4;LABEL_5;;;;false;0.02;3072;false;false;0;1;2;3;4;5;;;;None;0;1.00E-12;length;1;false;-1;runs/May30_10-09-48_a87e280ca9f4;false;20;steps;cosine;1;20;512;;-1;None;0;bert;;;;;;false;0;12;1;1;12;false;/content/gdrive/MyDrive/ColabNotebooks/SavedModels/bert-base-uncased;false;false;true;0;-1;64;32;None;None;;;;;;absolute;false;;false;;;false;true;1;['wandb'];None;true;false;bert-base-h0to5_3e;;5000;steps;1;42;;;[];;true;;;;;;;;;1;false;;true;50;1;false;false;None;04.06.2001;2;;false;true;false;30522;0;0;a87e280ca9f4;-;Tesla V100-SXM2-16GB;1;1.97E-09;0.896;1.51E+16;0.1;745.0055;3.777;;;;;;;;;;;;;;;
distilroberta-hdeg_5e;distilroberta-base;0.566;0.538;0.546;0.541;5;128;Adafactor;true;0.975266099;finished;hdeg_0to5;4243;14.685;0.00002;5;Testrun;204.289;1175;"[""RobertaForMaskedLM""]";1;;0.9;0.999;1.00E-08;false;;0.1;;;0;;;;;;false;0;true;None;[];None;false;0;true;true;false;true;;false;;0;;2;64;20;no;;auto;false;O1;1;false;None;false;gelu;;0.1;768;LABEL_0;LABEL_1;LABEL_2;LABEL_3;LABEL_4;LABEL_5;;;;false;0.02;3072;false;false;0;1;2;3;4;5;;;;None;0;0.00001;length;1;false;-1;runs/May27_12-33-12_f7078ec85e73;false;20;steps;cosine;1;20;514;;-1;None;0;roberta;;;;;;false;0;12;1;1;6;false;/content/gdrive/MyDrive/ColabNotebooks/SavedModels/distilroberta-base;false;false;true;1;-1;64;128;None;None;;;;;;absolute;false;;false;;;false;true;1;['wandb'];None;true;false;distilroberta-hdeg_5e;;5000;steps;1;42;;;[];;true;;;;;;;;;1;false;;true;50;1;false;false;None;04.06.2001;1;;false;true;false;50265;0;0;f7078ec85e73;-;Tesla P100-PCIE-16GB;1;9.94E-09;0.9202;1.89E+16;0.1;1886.4562;0.623;;;;;;;;;;;;;;;
distilbert-base-hdeg_balanced5e;distilbert-base-uncased;0.549;0.544;0.545;0.545;5;12;Adafactor;true;1.238491774;finished;hdeg_0to5;44402;83.1007;0.00002;5;Fullrun;234.439;64940;"[""DistilBertForMaskedLM""]";1;gelu;0.9;0.999;1.00E-08;false;0.1;;;;;;;;;768;false;0;true;None;[];None;false;0;true;true;false;true;0.1;false;;0;;;64;20;no;;auto;false;O1;1;;None;false;;3072;;;LABEL_0;LABEL_1;LABEL_2;LABEL_3;LABEL_4;LABEL_5;;;;false;0.02;;false;false;0;1;2;3;4;5;;;;None;0;;length;1;false;-1;runs/May16_18-48-53_5c1c13de434c;false;20;steps;cosine;1;20;512;;-1;None;0;distilbert;;;12;;6;false;0;;1;1;;false;/content/gdrive/MyDrive/ColabNotebooks/SavedModels/distilbert-base-uncased;false;false;true;0;-1;64;12;None;None;;;;;;;false;;false;0.1;;false;true;1;['wandb'];None;true;false;distilbert-base-hdeg_balanced5e;;5000;steps;1;42;;0.2;[];false;true;;;;;;;;;1;false;true;true;50;1;false;false;None;04.06.2000;;;false;;false;30522;0;0;ad5efe06ea4e;-;Tesla P100-PCIE-16GB;1;9.77E-12;0.6983;6.10E+15;0.1;13421.3381;4.839;;;;;;;;;;;;;;;
ernie-hdeg_balanced20e50000;nghuyong/ernie-2.0-en;0.551;0.542;0.543;0.535;20;12;Adafactor;true;4.518752098;finished;hdeg_0to5;995265;26.1353;0.00002;20;Testrun;191.312;83340;;1;;0.9;0.999;1.00E-08;false;;0.1;;;;;;;;;false;0;true;None;[];None;false;0;true;true;false;true;;false;;0;;;64;20;no;;auto;false;O1;1;false;None;false;gelu;;0.1;768;LABEL_0;LABEL_1;LABEL_2;LABEL_3;LABEL_4;LABEL_5;;;;false;0.02;3072;false;false;0;1;2;3;4;5;;;;None;0;0.00001;length;1;false;-1;runs/May18_08-14-37_da864d617b0d;false;20;steps;cosine;1;20;512;;-1;None;0;bert;;;;;;false;0;12;1;1;12;false;/content/gdrive/MyDrive/ColabNotebooks/SavedModels/nghuyong/ernie-2.0-en;false;false;true;0;-1;64;12;None;None;;;;;;absolute;false;;false;;;false;true;1;['wandb'];None;true;false;ernie-hdeg_balanced20e50000;;5000;steps;1;42;4;;[];;true;;;;;;;;16;1;false;;true;50;1;false;false;None;04.06.2000;4;;false;true;false;30522;0;0;61617743d343;-;Tesla V100-SXM2-16GB;1;1.07E-11;0.1238;6.74E+15;0.1;14521.3555;5.739;;;;;;;;;;;;;;;
ernie-tiny-hdeg_0to5;nghuyong/ernie-tiny;0.562;0.537;0.543;0.534;5;12;Adafactor;true;0.98453629;finished;hdeg_0to5;13597;77.0901;0.00002;5;Fullrun;252.717;64940;;1;;0.9;0.999;1.00E-08;false;;0.1;;;;;;;;;false;0;true;None;[];None;false;0;true;true;false;true;;false;;0;;;64;20;no;;auto;false;O1;1;false;None;false;relu;;0.1;1024;LABEL_0;LABEL_1;LABEL_2;LABEL_3;LABEL_4;LABEL_5;;;;false;0.02;4096;false;false;0;1;2;3;4;5;;;;None;0;0.00001;length;1;false;-1;runs/May19_08-36-14_b65331308953;false;20;steps;cosine;1;20;600;;-1;None;0;bert;;;;;;false;0;16;1;1;3;false;/content/gdrive/MyDrive/ColabNotebooks/SavedModels/nghuyong/ernie-tiny;false;false;true;0;-1;64;12;None;None;;;;;;absolute;false;;false;;;false;true;1;['wandb'];None;true;false;ernie-tiny-htype_0to5;;5000;steps;1;42;;;[];;true;;;;;;;;;1;false;;true;50;1;false;false;None;04.06.2000;2;;false;true;false;50006;0;0;b65331308953;-;Tesla P100-PCIE-16GB;1;1.13E-11;0.9254;8.26E+15;0.1;11825.3621;5.492;bidi;;;;;;;;;;;;;;
distilbert-hdeg_3eAdam;distilbert-base-uncased;0.545;0.535;0.538;0.548;3;12;AdamW;true;0.975192487;finished;hdeg_0to5;806479;2.4062;0.00002;3;Testrun;415.59;2502;"[""DistilBertForMaskedLM""]";1;gelu;0.9;0.999;1.00E-08;false;0.1;;;;;;;;;768;false;0;true;None;[];None;false;0;true;true;false;true;0.1;false;;0;;;64;20;no;;auto;false;O1;1;;None;false;;3072;;;LABEL_0;LABEL_1;LABEL_2;LABEL_3;LABEL_4;LABEL_5;;;;false;0.02;;false;false;0;1;2;3;4;5;;;;None;0;;length;1;false;-1;runs/May20_11-58-52_475a85d9057d;false;20;steps;linear;1;20;512;;-1;None;0;distilbert;;;12;;6;false;0;;1;1;;false;/content/gdrive/MyDrive/ColabNotebooks/SavedModels/distilbert-base-uncased;false;false;true;0;-1;64;12;None;None;;;;;;;false;;false;0.1;;false;true;1;['wandb'];None;true;false;distilbert-htype_5eAdam;;5000;steps;1;42;;0.2;[];false;true;;;;;;;;;1;false;true;true;50;1;false;false;None;04.06.2000;;;false;;false;30522;0;0;61617743d343;-;Tesla V100-SXM2-16GB;1;3.55E-08;0.896;3.09E+15;0.1;172.8317;14.477;;;;;;;;;;;;;;;
xlnet-hdeg_20e20000;xlnet-base-cased;0.545;0.535;0.538;0.525;20;12;AdamW;true;4.576576233;finished;hdeg_0to5;11292;25.3397;0.00002;20;Testrun;78.927;33340;"[""XLNetLMHeadModel""]";1;;0.9;0.999;1.00E-08;false;;;bi;false;1;-1;64;3072;768;;false;0;true;None;[];None;false;0;true;true;false;true;0.1;false;;0;5;2;64;20;no;gelu;auto;false;O1;1;;None;false;;;;;LABEL_0;LABEL_1;LABEL_2;LABEL_3;LABEL_4;LABEL_5;;;;false;0.02;;false;false;0;1;2;3;4;5;;;;None;0;1.00E-12;length;1;false;-1;runs/May20_08-29-35_475a85d9057d;false;20;steps;linear;1;20;;;-1;None;0;xlnet;;12;;12;;false;0;;1;1;;false;/content/gdrive/MyDrive/ColabNotebooks/SavedModels/xlnet-base-cased;false;false;true;5;-1;64;12;None;None;;;;;;;false;;false;;;false;true;1;['wandb'];None;true;false;xlnet-hdeg_20e20000;false;5000;steps;1;42;;;[];;true;5;tanh;0.1;last;true;true;250;;1;false;;true;50;1;false;false;None;04.06.2000;;true;false;;false;32000;0;0;475a85d9057d;-;Tesla V100-SXM2-16GB;1;1.20E-08;0.0173;7.22E+15;0.1;7119.0679;4.683;;;;;;;;;;;;;;;
distilbert-hdeg_50eAda;distilbert-base-uncased;0.555;0.534;0.538;0.525;50;12;Adafactor;true;5.986558437;finished;hdeg_0to5;804150;2.4076;0.00002;50;Testrun;415.353;41700;"[""DistilBertForMaskedLM""]";1;gelu;0.9;0.999;1.00E-08;false;0.1;;;;;;;;;768;false;0;true;None;[];None;false;0;true;true;false;true;0.1;false;;0;;;64;20;no;;auto;false;O1;1;;None;false;;3072;;;LABEL_0;LABEL_1;LABEL_2;LABEL_3;LABEL_4;LABEL_5;;;;false;0.02;;false;false;0;1;2;3;4;5;;;;None;0;;length;1;false;-1;runs/May20_12-46-28_475a85d9057d;false;20;steps;cosine;1;20;512;;-1;None;0;distilbert;;;12;;6;false;0;;1;1;;false;/content/gdrive/MyDrive/ColabNotebooks/SavedModels/distilbert-base-uncased;false;false;true;0;-1;64;12;None;None;;;;;;;false;;false;0.1;;false;true;1;['wandb'];None;true;false;distilbert-htype_50eAda;;5000;steps;1;42;;0.2;[];false;true;;;;;;;;;1;false;true;true;50;1;false;false;None;04.06.2000;;;false;;false;30522;0;0;61617743d343;-;Tesla V100-SXM2-16GB;1;1.01E-11;0;2.10E+15;0.1;3668.2627;11.368;;;;;;;;;;;;;;;
deberta-L-hdeg_balanced10e;microsoft/deberta-base;0.555;0.534;0.538;0.514;10;12;Adafactor;true;2.17242527;finished;hdeg_0to5;1122979;2.9967;0.00002;10;Testrun;166.85;8340;;1;;0.9;0.999;1.00E-08;false;;0.1;;;;;;;;;false;0;true;None;[];None;false;0;true;true;false;true;;false;;0;;;64;20;no;;auto;false;O1;1;;None;false;gelu;;0.1;768;LABEL_0;LABEL_1;LABEL_2;LABEL_3;LABEL_4;LABEL_5;;;;false;0.02;3072;false;false;0;1;2;3;4;5;;;;None;0;1.00E-07;length;1;false;-1;runs/May16_20-11-16_0ff6b780eae3;false;20;steps;cosine;1;20;512;-1;-1;None;0;deberta;;;;;;false;0;12;1;1;12;false;/content/gdrive/MyDrive/ColabNotebooks/SavedModels/microsoft/deberta-base;false;false;true;0;-1;64;12;None;None;0;gelu;768;"[""c2p"",""p2c""]";false;;false;;false;;true;false;true;1;['wandb'];None;true;false;deberta-L-hdeg_balanced10e;;5000;steps;1;42;;;[];;true;;;;;;;;;1;false;;true;50;1;false;false;None;04.06.2000;0;;false;;false;50265;0;0;61617743d343;-;Tesla V100-SXM2-16GB;1;3.15E-11;0.2053;8.56E+15;0.1;1924.2965;4.334;;;;;;;;;;;;;;;
distilbert-base-hdeg_balanced20e;distilbert-base-uncased;0.538;0.536;0.536;0.534;20;12;Adafactor;true;5.437969208;finished;hdeg_0to5;19569;22.3018;0.00002;20;Testrun;224.198;83340;"[""DistilBertForMaskedLM""]";1;gelu;0.9;0.999;1.00E-08;false;0.1;;;;;;;;;768;false;0;true;None;[];None;false;0;true;true;false;true;0.1;false;;0;;;64;20;no;;auto;false;O1;1;;None;false;;3072;;;LABEL_0;LABEL_1;LABEL_2;LABEL_3;LABEL_4;LABEL_5;;;;false;0.02;;false;false;0;1;2;3;4;5;;;;None;0;;length;1;false;-1;runs/May18_04-20-32_37af8247aa29;false;20;steps;cosine;1;20;512;;-1;None;0;distilbert;;;12;;6;false;0;;1;1;;false;/content/gdrive/MyDrive/ColabNotebooks/SavedModels/distilbert-base-uncased;false;false;true;0;-1;64;12;None;None;;;;;;;false;;false;0.1;;false;true;1;['wandb'];None;true;false;distilbert-base-hdeg_balanced20e;;5000;steps;1;42;;0.2;[];false;true;;;;;;;;;1;false;true;true;50;1;false;false;None;04.06.2000;;;false;;false;30522;0;0;37af8247aa29;-;Tesla P100-PCIE-16GB;1;1.07E-11;0;4.12E+15;0.1;19122.8067;4.358;;;;;;;;;;;;;;;
deberta-L-hdeg_balanced10e_more_devdata;microsoft/deberta-base;0.554;0.531;0.536;0.535;10;12;Adafactor;true;2.09463644;finished;hdeg_0to5;39707;5.9918;0.00002;10;Testrun;166.895;8340;;1;;0.9;0.999;1.00E-08;false;;0.1;;;;;;;;;false;0;true;None;[];None;false;0;true;true;false;true;;false;;0;;;64;20;no;;auto;false;O1;1;;None;false;gelu;;0.1;768;LABEL_0;LABEL_1;LABEL_2;LABEL_3;LABEL_4;LABEL_5;;;;false;0.02;3072;false;false;0;1;2;3;4;5;;;;None;0;1.00E-07;length;1;false;-1;runs/May16_20-56-22_0ff6b780eae3;false;20;steps;cosine;1;20;512;-1;-1;None;0;deberta;;;;;;false;0;12;1;1;12;false;/content/gdrive/MyDrive/ColabNotebooks/SavedModels/microsoft/deberta-base;false;false;true;0;-1;64;12;None;None;0;gelu;768;"[""c2p"",""p2c""]";false;;false;;false;;true;false;true;1;['wandb'];None;true;false;deberta-L-hdeg_balanced10e_more_devdata;;5000;steps;1;42;;;[];;true;;;;;;;;;1;false;;true;50;1;false;false;None;04.06.2000;0;;false;;false;50265;0;0;f4d7d40df1b8;-;Tesla P100-PCIE-16GB;1;3.15E-11;0.2053;8.56E+15;0.1;1935.6681;4.309;;;;;;;;;;;;;;;
ernie-L--hdeg_0to5_5eAdamWa;nghuyong/ernie-2.0-large-en;0.555;0.529;0.535;0.543;5;8;AdamW;false;1.55315721;finished;hdeg_0to5;384072;43.2745;0.00002;5;Testrun;69.325;18750;;1;;0.9;0.999;1.00E-08;false;;0.1;;;;;;;;;false;0;true;None;[];None;false;0;true;true;false;true;;false;;0;;;64;20;no;;auto;false;O1;1;false;None;false;gelu;;0.1;1024;LABEL_0;LABEL_1;LABEL_2;LABEL_3;LABEL_4;LABEL_5;;;;false;0.02;4096;false;false;0;1;2;3;4;5;;;;None;0;0.00001;length;1;false;-1;runs/May25_09-47-28_862e0a014403;false;20;steps;linear;1;20;512;;-1;None;0;bert;;;;;;false;0;16;1;1;24;false;/content/gdrive/MyDrive/ColabNotebooks/SavedModels/nghuyong/ernie-2.0-large-en;false;false;true;0;-1;64;8;None;None;;;;;;absolute;false;;false;;;false;true;1;['wandb'];None;true;false;ernie-L--hdeg_0to5_5eAdamWa;;5000;steps;1;42;4;;[];;true;;;;;;;;16;1;false;;true;50;1;false;false;None;04.06.2001;4;;false;true;false;30522;0;0;61617743d343;-;Tesla V100-SXM2-16GB;1;1.19E-08;0.6101;1.54E+16;0.1;9356.2105;2.004;;;;;;;;;;;;;;;
distilbert-base-hdeg_10e_learn1_5;distilbert-base-uncased;0.534;0.531;0.531;0.529;10;12;Adafactor;true;2.020070791;finished;hdeg_0to5;9797;22.2213;0.000015;10;Testrun;225.009;41670;"[""DistilBertForMaskedLM""]";1;gelu;0.9;0.999;1.00E-08;false;0.1;;;;;;;;;768;false;0;true;None;[];None;false;0;true;true;false;true;0.1;false;;0;;;64;20;no;;auto;false;O1;1;;None;false;;3072;;;LABEL_0;LABEL_1;LABEL_2;LABEL_3;LABEL_4;LABEL_5;;;;false;0.02;;false;false;0;1;2;3;4;5;;;;None;0;;length;1;false;-1;runs/May18_10-02-01_37af8247aa29;false;20;steps;cosine;1;20;512;;-1;None;0;distilbert;;;12;;6;false;0;;1;1;;false;/content/gdrive/MyDrive/ColabNotebooks/SavedModels/distilbert-base-uncased;false;false;true;0;-1;64;12;None;None;;;;;;;false;;false;0.1;;false;true;1;['wandb'];None;true;false;distilbert-base-hdeg_10e_learn1_5;;5000;steps;1;42;;0.2;[];false;true;;;;;;;;;1;false;true;true;50;1;false;false;None;04.06.2000;;;false;;false;30522;0;0;37af8247aa29;-;Tesla P100-PCIE-16GB;1;2.06E-11;0.2236;2.06E+15;0.1;9320.7151;4.471;;;;;;;;;;;;;;;
distilbert-hdeg_50eAdamB32;distilbert-base-uncased;0.539;0.529;0.531;0.527;50;32;AdamW;true;5.217771053;finished;hdeg_0to5;780872;4.8427;0.00002;50;Testrun;412.991;31250;"[""DistilBertForMaskedLM""]";1;gelu;0.9;0.999;1.00E-08;false;0.1;;;;;;;;;768;false;0;true;None;[];None;false;0;true;true;false;true;0.1;false;;0;;;64;20;no;;auto;false;O1;1;;None;false;;3072;;;LABEL_0;LABEL_1;LABEL_2;LABEL_3;LABEL_4;LABEL_5;;;;false;0.02;;false;false;0;1;2;3;4;5;;;;None;0;;length;1;false;-1;runs/May20_19-29-34_475a85d9057d;false;20;steps;linear;1;20;512;;-1;None;0;distilbert;;;12;;6;false;0;;1;1;;false;/content/gdrive/MyDrive/ColabNotebooks/SavedModels/distilbert-base-uncased;false;false;true;0;-1;64;32;None;None;;;;;;;false;;false;0.1;;false;true;1;['wandb'];None;true;false;distilbert-hdeg_50eAdamB32;;5000;steps;1;42;;0.2;[];false;true;;;;;;;;;1;false;true;true;50;1;false;false;None;04.06.2000;;;false;;false;30522;0;0;61617743d343;-;Tesla V100-SXM2-16GB;1;1.71E-08;0.0004;4.11E+15;0.1;3725.7519;8.388;;;;;;;;;;;;;;;
ernie-hdeg_balanced5e;nghuyong/ernie-2.0-en;0.536;0.527;0.531;0.500;5;12;Adafactor;true;1.128975272;finished;hdeg_0to5;1007366;0.5829;0.00002;5;Testrun;205.877;500;;1;;0.9;0.999;1.00E-08;false;;0.1;;;;;;;;;false;0;true;None;[];None;false;0;true;true;false;true;;false;;0;;;64;20;no;;auto;false;O1;1;false;None;false;gelu;;0.1;768;LABEL_0;LABEL_1;LABEL_2;LABEL_3;LABEL_4;LABEL_5;;;;false;0.02;3072;false;false;0;1;2;3;4;5;;;;None;0;0.00001;length;1;false;-1;runs/May18_04-06-15_da864d617b0d;false;20;steps;cosine;1;20;512;;-1;None;0;bert;;;;;;false;0;12;1;1;12;false;/content/gdrive/MyDrive/ColabNotebooks/SavedModels/nghuyong/ernie-2.0-en;false;false;true;0;-1;64;12;None;None;;;;;;absolute;false;;false;;;false;true;1;['wandb'];None;true;false;ernie-hdeg_balanced5e;;5000;steps;1;42;4;;[];;true;;;;;;;;16;1;false;;true;50;1;false;false;None;04.06.2000;4;;false;true;false;30522;0;0;61617743d343;-;Tesla V100-SXM2-16GB;1;0;0.4825;1.01E+15;0.1;86.8278;5.759;;;;;;;;;;;;;;;
distilbert-hdeg_50eAdam;distilbert-base-uncased;0.528;0.526;0.526;0.545;50;12;AdamW;true;6.009603977;finished;hdeg_0to5;792435;4.8753;0.00002;50;Testrun;410.231;83350;"[""DistilBertForMaskedLM""]";1;gelu;0.9;0.999;1.00E-08;false;0.1;;;;;;;;;768;false;0;true;None;[];None;false;0;true;true;false;true;0.1;false;;0;;;64;20;no;;auto;false;O1;1;;None;false;;3072;;;LABEL_0;LABEL_1;LABEL_2;LABEL_3;LABEL_4;LABEL_5;;;;false;0.02;;false;false;0;1;2;3;4;5;;;;None;0;;length;1;false;-1;runs/May20_16-21-12_475a85d9057d;false;20;steps;linear;1;20;512;;-1;None;0;distilbert;;;12;;6;false;0;;1;1;;false;/content/gdrive/MyDrive/ColabNotebooks/SavedModels/distilbert-base-uncased;false;false;true;0;-1;64;12;None;None;;;;;;;false;;false;0.1;;false;true;1;['wandb'];None;true;false;distilbert-hdeg_50eAdam;;5000;steps;1;42;;0.2;[];false;true;;;;;;;;;1;false;true;true;50;1;false;false;None;04.06.2000;;;false;;false;30522;0;0;61617743d343;-;Tesla V100-SXM2-16GB;1;1.25E-08;0.0029;4.13E+15;0.1;5785.4915;14.407;;;;;;;;;;;;;;;
distilbert-hdeg_50eAda;distilbert-base-uncased;0.526;0.524;0.525;0.532;50;12;Adafactor;true;6.222219944;finished;hdeg_0to5;799722;4.8793;0.00002;50;Testrun;409.897;83350;"[""DistilBertForMaskedLM""]";1;gelu;0.9;0.999;1.00E-08;false;0.1;;;;;;;;;768;false;0;true;None;[];None;false;0;true;true;false;true;0.1;false;;0;;;64;20;no;;auto;false;O1;1;;None;false;;3072;;;LABEL_0;LABEL_1;LABEL_2;LABEL_3;LABEL_4;LABEL_5;;;;false;0.02;;false;false;0;1;2;3;4;5;;;;None;0;;length;1;false;-1;runs/May20_14-11-20_475a85d9057d;false;20;steps;cosine;1;20;512;;-1;None;0;distilbert;;;12;;6;false;0;;1;1;;false;/content/gdrive/MyDrive/ColabNotebooks/SavedModels/distilbert-base-uncased;false;false;true;0;-1;64;12;None;None;;;;;;;false;;false;0.1;;false;true;1;['wandb'];None;true;false;distilbert-hdeg_50eAda;;5000;steps;1;42;;0.2;[];false;true;;;;;;;;;1;false;true;true;50;1;false;false;None;04.06.2000;;;false;;false;30522;0;0;61617743d343;-;Tesla V100-SXM2-16GB;1;1.78E-11;0.0109;4.13E+15;0.1;7373.9711;11.303;;;;;;;;;;;;;;;
ernie-tiny-hdeg_0to5e20;nghuyong/ernie-tiny;0.524;0.525;0.524;0.524;20;12;Adafactor;true;1.383328795;finished;hdeg_0to5;71462;79.0244;0.00002;20;Fullrun;246.531;259760;;1;;0.9;0.999;1.00E-08;false;;0.1;;;;;;;;;false;0;true;None;[];None;false;0;true;true;false;true;;false;;0;;;64;20;no;;auto;false;O1;1;false;None;false;relu;;0.1;1024;LABEL_0;LABEL_1;LABEL_2;LABEL_3;LABEL_4;LABEL_5;;;;false;0.02;4096;false;false;0;1;2;3;4;5;;;;None;0;0.00001;length;1;false;-1;runs/May19_12-38-20_b65331308953;false;20;steps;cosine;1;20;600;;-1;None;0;bert;;;;;;false;0;16;1;1;3;false;/content/gdrive/MyDrive/ColabNotebooks/SavedModels/nghuyong/ernie-tiny;false;false;true;0;-1;64;12;None;None;;;;;;absolute;false;;false;;;false;true;1;['wandb'];None;true;false;ernie-tiny-htype_0to5e20;;5000;steps;1;42;;;[];;true;;;;;;;;;1;false;;true;50;1;false;false;None;04.06.2000;2;;false;true;false;50006;0;0;92e4a7f97d3e;-;Tesla P100-PCIE-16GB;1;1.11E-11;0.6789;7.95E+15;0.1;47950.3297;5.417;bidi;;;;;;;;;;;;;;
distilgpt2-hdeg_10eL2;distilgpt2;0.510;0.329;0.319;0.530;10;16;Adafactor;true;1.106093764;finished;hdeg_0to5;1716;5.6658;0.00002;10;Testrun;352.997;12500;"[""GPT2LMHeadModel""]";1;;0.9;0.999;1.00E-08;false;;;;;50256;;;;;;false;0;true;None;[];None;false;0;true;true;false;true;;false;;0;;50256;64;20;no;;auto;false;O1;1;false;None;false;;;;;LABEL_0;LABEL_1;LABEL_2;LABEL_3;LABEL_4;LABEL_5;;;;false;0.02;;false;false;0;1;2;3;4;5;;;;None;0;;length;1;false;-1;runs/May26_20-11-21_517e9e523873;false;20;steps;cosine;1;20;;;-1;None;0;gpt2;;12;;6;;false;0;;1;1;;false;/content/gdrive/MyDrive/ColabNotebooks/SavedModels/distilgpt2;false;false;true;50256;-1;64;16;None;None;;;;;;;false;;false;;;false;true;1;['wandb'];None;true;false;distilgpt2-hdeg_10eL2;;5000;steps;1;42;;;[];;true;;;;cls_index;true;true;50;;1;false;;true;50;1;false;false;None;04.06.2001;;;false;true;false;50257;0;0;517e9e523873;-;Tesla V100-SXM2-16GB;1;3.16E-11;0.8255;5.03E+15;0.1;1400.9211;8.923;;gelu_new;0.1;0.1;0.00001;1024;768;1024;0.1;true;0.1;true;1;;
distilgpt2-hdeg_10eL2;distilgpt2;0.436;0.328;0.308;0.531;10;16;Adafactor;true;1.291211367;finished;hdeg_0to5;7180;5.6397;0.00003;10;Testrun;354.628;12500;"[""GPT2LMHeadModel""]";1;;0.9;0.999;1.00E-08;false;;;;;50256;;;;;;false;0;true;None;[];None;false;0;true;true;false;true;;false;;0;;50256;64;20;no;;auto;false;O1;1;false;None;false;;;;;LABEL_0;LABEL_1;LABEL_2;LABEL_3;LABEL_4;LABEL_5;;;;false;0.02;;false;false;0;1;2;3;4;5;;;;None;0;;length;1;false;-1;runs/May26_20-41-34_517e9e523873;false;20;steps;cosine;1;20;;;-1;None;0;gpt2;;12;;6;;false;0;;1;1;;false;/content/gdrive/MyDrive/ColabNotebooks/SavedModels/distilgpt2;false;false;true;50256;-1;64;16;None;None;;;;;;;false;;false;;;false;true;1;['wandb'];None;true;false;distilgpt2-hdeg_10eL2;;5000;steps;1;42;;;[];;true;;;;cls_index;true;true;50;;1;false;;true;50;1;false;false;None;04.06.2001;;;false;true;false;50257;0;0;517e9e523873;-;Tesla V100-SXM2-16GB;1;4.74E-11;0.7016;5.03E+15;0.1;1396.7266;8.949;;gelu_new;0.1;0.1;0.00001;1024;768;1024;0.1;true;0.1;true;1;;
distilgpt2-hdeg_5eAdam;distilgpt2;0.563;0.197;0.218;0.528;5;16;AdamW;true;0.989629865;finished;hdeg_0to5;1459;12.4751;0.00002;5;Testrun;160.32;6250;"[""GPT2LMHeadModel""]";1;;0.9;0.999;1.00E-08;false;;;;;50256;;;;;;false;0;true;None;[];None;false;0;true;true;false;true;;false;;0;;50256;64;20;no;;auto;false;O1;1;false;None;false;;;;;LABEL_0;LABEL_1;LABEL_2;LABEL_3;LABEL_4;LABEL_5;;;;false;0.02;;false;false;0;1;2;3;4;5;;;;None;0;;length;1;false;-1;runs/May20_21-44-10_475a85d9057d;false;20;steps;linear;1;20;;;-1;None;0;gpt2;;12;;6;;false;0;;1;1;;false;/content/gdrive/MyDrive/ColabNotebooks/SavedModels/distilgpt2;false;false;true;50256;-1;64;16;None;None;;;;;;;false;;false;;;false;true;1;['wandb'];None;true;false;distilgpt2-hdeg_5eAdam;;5000;steps;1;42;;;[];;true;;;;cls_index;true;true;50;;1;false;;true;50;1;false;false;None;04.06.2000;;;false;true;false;50257;0;0;475a85d9057d;-;Tesla V100-SXM2-16GB;1;6.04E-08;0.9332;5.03E+15;0.1;1097.5299;5.695;;gelu_new;0.1;0.1;0.00001;1024;768;1024;0.1;true;0.1;true;1;;
gpt2-hdeg_20e;gpt2;0.250;0.237;0.203;0.539;20;16;Adafactor;false;3.002547264;finished;hdeg_0to5;13420;18.5302;0.00004;20;Testrun;107.932;25000;"[""GPT2LMHeadModel""]";1;;0.9;0.999;1.00E-08;false;;;;;50256;;;;;;false;0;true;None;[];None;false;0;true;true;false;true;;false;;0;;50256;64;20;no;;auto;false;O1;1;false;None;false;;;;;LABEL_0;LABEL_1;LABEL_2;LABEL_3;LABEL_4;LABEL_5;;;;false;0.02;;false;false;0;1;2;3;4;5;;;;None;0;;length;1;false;-1;runs/May27_06-08-54_3c89244b6238;false;20;steps;cosine;1;20;;;-1;None;0;gpt2;;12;;12;;false;0;;1;1;;false;/content/gdrive/MyDrive/ColabNotebooks/SavedModels/gpt2;false;false;true;50256;-1;64;16;None;None;;;;;;;false;;false;;;false;true;1;['wandb'];None;true;false;gpt2-hdeg_20e;;5000;steps;1;42;;;[];;true;;;;cls_index;true;true;50;;1;false;;true;50;1;false;false;None;04.06.2001;;;false;true;false;50257;0;0;3c89244b6238;-;Tesla P100-PCIE-16GB;1;0;0.1846;0;0.1;12752.5719;1.96;;gelu_new;0.1;0.1;0.00001;1024;768;1024;0.1;true;0.1;true;;;
gpt2-hdeg_3e;gpt2;0.769;0.104;0.173;0.515;3;12;Adafactor;false;1.000302911;finished;hdeg_0to5;1756;11.8591;0.00002;3;Testrun;84.323;2502;"[""GPT2LMHeadModel""]";1;;0.9;0.999;1.00E-08;false;;;;;50256;;;;;;false;0;true;None;[];None;false;0;true;true;false;true;;false;;0;;50256;64;20;no;;auto;false;O1;1;false;None;false;;;;;LABEL_0;LABEL_1;LABEL_2;LABEL_3;LABEL_4;LABEL_5;;;;false;0.02;;false;false;0;1;2;3;4;5;;;;None;0;;length;1;false;-1;runs/May20_21-13-34_80e71143b324;false;20;steps;cosine;1;20;;;-1;None;0;gpt2;;12;;12;;false;0;;1;1;;false;/content/gdrive/MyDrive/ColabNotebooks/SavedModels/gpt2;false;false;true;50256;-1;64;12;None;None;;;;;;;false;;false;;;false;true;1;['wandb'];None;true;false;gpt2-htype3e;;5000;steps;1;42;;;[];;true;;;;cls_index;true;true;50;;1;false;;true;50;1;false;false;None;04.06.2001;;;false;true;false;50257;0;0;80e71143b324;-;Tesla V100-SXM2-16GB;1;3.90E-11;0.955;1.15E+16;0.1;1203.423;2.079;;gelu_new;0.1;0.1;0.00001;1024;768;1024;0.1;true;0.1;true;;;
distilgpt2-hdeg_20e;distilgpt2;0.342;0.150;0.169;0.529;20;16;Adafactor;true;2.579351664;finished;hdeg_0to5;258184;8.4097;0.00003;20;Testrun;356.731;37500;"[""GPT2LMHeadModel""]";1;;0.9;0.999;1.00E-08;false;;;;;50256;;;;;;false;0;true;None;[];None;false;0;true;true;false;true;;false;;0;;50256;64;20;no;;auto;false;O1;1;false;None;false;;;;;LABEL_0;LABEL_1;LABEL_2;LABEL_3;LABEL_4;LABEL_5;;;;false;0.02;;false;false;0;1;2;3;4;5;;;;None;0;;length;1;false;-1;runs/May26_21-27-28_517e9e523873;false;20;steps;cosine;1;20;;;-1;None;0;gpt2;;12;;6;;false;0;;1;1;;false;/content/gdrive/MyDrive/ColabNotebooks/SavedModels/distilgpt2;false;false;true;50256;-1;64;16;None;None;;;;;;;false;;false;;;false;true;1;['wandb'];None;true;false;distilgpt2-hdeg_20e;;5000;steps;1;42;;;[];;true;;;;cls_index;true;true;50;;1;false;;true;50;1;false;false;None;04.06.2001;;;false;true;false;50257;0;0;61617743d343;-;Tesla V100-SXM2-16GB;1;2.60E-11;0.2324;5.03E+15;0.1;4226.569;8.872;;gelu_new;0.1;0.1;0.00001;1024;768;1024;0.1;true;0.1;true;1;;
;;;;;;;;;;;;hdeg_0to5;;;;;;;;;;;;;;;;;;;;;;;;;;;;;;;;;;;;;;;;;;;;;;;;;;;;;;;;;;;;;;;;;;;;;;;;;;;;;;;;;;;;;;;;;;;;;;;;;;;;;;;;;;;;;;;;;;;;;;;;;;;;;;;;;;;;;;;;;;;;;;;;;;;;;;;;;;;;;;;;;;;;;;;;;;;;;;;;;;;;;;;;;;;;;;;;;;;;;;;;;;
H-Degree k=6;Mean all (N=30);0.539;0.474;0.479;0.533;;;;;;;hdeg_0to5;;;;;;;;;;;;;;;;;;;;;;;;;;;;;;;;;;;;;;;;;;;;;;;;;;;;;;;;;;;;;;;;;;;;;;;;;;;;;;;;;;;;;;;;;;;;;;;;;;;;;;;;;;;;;;;;;;;;;;;;;;;;;;;;;;;;;;;;;;;;;;;;;;;;;;;;;;;;;;;;;;;;;;;;;;;;;;;;;;;;;;;;;;;;;;;;;;;;;;;;;;
;SD (N=30);0.082;0.131;0.127;0.011;;;;;;;hdeg_0to5;;;;;;;;;;;;;;;;;;;;;;;;;;;;;;;;;;;;;;;;;;;;;;;;;;;;;;;;;;;;;;;;;;;;;;;;;;;;;;;;;;;;;;;;;;;;;;;;;;;;;;;;;;;;;;;;;;;;;;;;;;;;;;;;;;;;;;;;;;;;;;;;;;;;;;;;;;;;;;;;;;;;;;;;;;;;;;;;;;;;;;;;;;;;;;;;;;;;;;;;;;
;;;;;;;;;;;;hdeg_0to5;;;;;;;;;;;;;;;;;;;;;;;;;;;;;;;;;;;;;;;;;;;;;;;;;;;;;;;;;;;;;;;;;;;;;;;;;;;;;;;;;;;;;;;;;;;;;;;;;;;;;;;;;;;;;;;;;;;;;;;;;;;;;;;;;;;;;;;;;;;;;;;;;;;;;;;;;;;;;;;;;;;;;;;;;;;;;;;;;;;;;;;;;;;;;;;;;;;;;;;;;;
;Mean non-GPT (n=21);0.552;0.535;0.540;0.533;;;;;;;hdeg_0to5;;;;;;;;;;;;;;;;;;;;;;;;;;;;;;;;;;;;;;;;;;;;;;;;;;;;;;;;;;;;;;;;;;;;;;;;;;;;;;;;;;;;;;;;;;;;;;;;;;;;;;;;;;;;;;;;;;;;;;;;;;;;;;;;;;;;;;;;;;;;;;;;;;;;;;;;;;;;;;;;;;;;;;;;;;;;;;;;;;;;;;;;;;;;;;;;;;;;;;;;;;
;SD non-GPT (n=21);0.020;0.009;0.010;0.012;;;;;;;hdeg_0to5;;;;;;;;;;;;;;;;;;;;;;;;;;;;;;;;;;;;;;;;;;;;;;;;;;;;;;;;;;;;;;;;;;;;;;;;;;;;;;;;;;;;;;;;;;;;;;;;;;;;;;;;;;;;;;;;;;;;;;;;;;;;;;;;;;;;;;;;;;;;;;;;;;;;;;;;;;;;;;;;;;;;;;;;;;;;;;;;;;;;;;;;;;;;;;;;;;;;;;;;;;
;;;;;;;;;;;;hdeg_0to5;;;;;;;;;;;;;;;;;;;;;;;;;;;;;;;;;;;;;;;;;;;;;;;;;;;;;;;;;;;;;;;;;;;;;;;;;;;;;;;;;;;;;;;;;;;;;;;;;;;;;;;;;;;;;;;;;;;;;;;;;;;;;;;;;;;;;;;;;;;;;;;;;;;;;;;;;;;;;;;;;;;;;;;;;;;;;;;;;;;;;;;;;;;;;;;;;;;;;;;;;;
;Mean GPT (n=9);0.463;0.320;0.326;0.485;;;;;;;hdeg_0to5;;;;;;;;;;;;;;;;;;;;;;;;;;;;;;;;;;;;;;;;;;;;;;;;;;;;;;;;;;;;;;;;;;;;;;;;;;;;;;;;;;;;;;;;;;;;;;;;;;;;;;;;;;;;;;;;;;;;;;;;;;;;;;;;;;;;;;;;;;;;;;;;;;;;;;;;;;;;;;;;;;;;;;;;;;;;;;;;;;;;;;;;;;;;;;;;;;;;;;;;;;
;SD GPT (n=9);0.141;0.165;0.157;0.009;;;;;;;hdeg_0to5;;;;;;;;;;;;;;;;;;;;;;;;;;;;;;;;;;;;;;;;;;;;;;;;;;;;;;;;;;;;;;;;;;;;;;;;;;;;;;;;;;;;;;;;;;;;;;;;;;;;;;;;;;;;;;;;;;;;;;;;;;;;;;;;;;;;;;;;;;;;;;;;;;;;;;;;;;;;;;;;;;;;;;;;;;;;;;;;;;;;;;;;;;;;;;;;;;;;;;;;;;
;;;;;;;;;;;;;;;;;;;;;;;;;;;;;;;;;;;;;;;;;;;;;;;;;;;;;;;;;;;;;;;;;;;;;;;;;;;;;;;;;;;;;;;;;;;;;;;;;;;;;;;;;;;;;;;;;;;;;;;;;;;;;;;;;;;;;;;;;;;;;;;;;;;;;;;;;;;;;;;;;;;;;;;;;;;;;;;;;;;;;;;;;;;;;;;;;;;;;;;;;;;;;;;;;;;;;;
Name;_name_or_path;precision;recall;F1;eval/accuracy;Train Epochs;Batch Size;Optimizer;fp16;eval/loss;State;Tags;Runtime;eval/runtime;learning_rate;train/epoch;Job Type;eval/samples_per_second;train/global_step;architectures;_n_gpu;activation;adam_beta1;adam_beta2;adam_epsilon;add_cross_attention;attention_dropout;attention_probs_dropout_prob;attn_type;bi_data;bos_token_id;clamp_len;d_head;d_inner;d_model;dim;dataloader_drop_last;dataloader_num_workers;dataloader_pin_memory;ddp_find_unused_parameters;debug;deepspeed;disable_tqdm;diversity_penalty;do_eval;do_predict;do_sample;do_train;dropout;early_stopping;embedding_size;encoder_no_repeat_ngram_size;end_n_top;eos_token_id;eval_batch_size;eval_steps;evaluation_strategy;ff_activation;fp16_backend;fp16_full_eval;fp16_opt_level;gradient_accumulation_steps;gradient_checkpointing;greater_is_better;group_by_length;hidden_act;hidden_dim;hidden_dropout_prob;hidden_size;id2label.0;id2label.1;id2label.2;id2label.3;id2label.4;id2label.5;id2label.6;id2label.7;id2label.8;ignore_data_skip;initializer_range;intermediate_size;is_decoder;is_encoder_decoder;label2id.LABEL_0;label2id.LABEL_1;label2id.LABEL_2;label2id.LABEL_3;label2id.LABEL_4;label2id.LABEL_5;label2id.LABEL_6;label2id.LABEL_7;label2id.LABEL_8;label_names;label_smoothing_factor;layer_norm_eps;length_column_name;length_penalty;load_best_model_at_end;local_rank;logging_dir;logging_first_step;logging_steps;logging_strategy;lr_scheduler_type;max_grad_norm;max_length;max_position_embeddings;max_relative_positions;max_steps;metric_for_best_model;min_length;model_type;mp_parameters;n_head;n_heads;n_layer;n_layers;no_cuda;no_repeat_ngram_size;num_attention_heads;num_beam_groups;num_beams;num_hidden_layers;output_attentions;output_dir;output_hidden_states;output_scores;overwrite_output_dir;pad_token_id;past_index;per_device_eval_batch_size;per_device_train_batch_size;per_gpu_eval_batch_size;per_gpu_train_batch_size;pooler_dropout;pooler_hidden_act;pooler_hidden_size;pos_att_type;position_biased_input;position_embedding_type;prediction_loss_only;problem_type;push_to_hub;qa_dropout;relative_attention;remove_invalid_values;remove_unused_columns;repetition_penalty;report_to;resume_from_checkpoint;return_dict;return_dict_in_generate;run_name;same_length;save_steps;save_strategy;save_total_limit;seed;sent_type_vocab_size;seq_classif_dropout;sharded_ddp;sinusoidal_pos_embds;skip_memory_metrics;start_n_top;summary_activation;summary_last_dropout;summary_type;summary_use_proj;task_specific_params.text-generation.do_sample;task_specific_params.text-generation.max_length;task_type_vocab_size;temperature;tie_encoder_decoder;tie_weights_;tie_word_embeddings;top_k;top_p;torchscript;tpu_metrics_debug;tpu_num_cores;transformers_version;type_vocab_size;untie_r;use_bfloat16;use_cache;use_legacy_prediction_loop;vocab_size;warmup_steps;weight_decay;Hostname;Notes;GPU Type;GPU Count;train/learning_rate;train/loss;train/total_flos;warmup_ratio;train/train_runtime;train/train_samples_per_second;directionality;activation_function;attn_pdrop;embd_pdrop;layer_norm_epsilon;n_ctx;n_embd;n_positions;resid_pdrop;scale_attn_weights;summary_first_dropout;summary_proj_to_labels;_num_labels;n_special;predict_special_tokens
xlnet-hdeg_0to1_5e;xlnet-base-cased;0.997;0.997;0.997;0.997;5;12;AdamW;true;0.015796304;finished;hdeg_0to1;5369;68.0023;0.00002;5;Testrun;73.527;20835;"[""XLNetLMHeadModel""]";1;;0.9;0.999;1.00E-08;false;;;bi;false;1;-1;64;3072;768;;false;0;true;None;[];None;false;0;true;true;false;true;0.1;false;;0;5;2;64;20;no;gelu;auto;false;O1;1;;None;false;;;;;LABEL_0;LABEL_1;;;;;;;;false;0.02;;false;false;0;1;;;;;;;;None;0;1.00E-12;length;1;false;-1;runs/May18_20-34-31_da864d617b0d;false;20;steps;linear;1;20;;;-1;None;0;xlnet;;12;;12;;false;0;;1;1;;false;/content/gdrive/MyDrive/ColabNotebooks/SavedModels/xlnet-base-cased;false;false;true;5;-1;64;12;None;None;;;;;;;false;;false;;;false;true;1;['wandb'];None;true;false;xlnet-htype_0to1_5e;false;5000;steps;1;42;;;[];;true;5;tanh;0.1;last;true;true;250;;1;false;;true;50;1;false;false;None;04.06.2000;;true;false;;false;32000;0;0;da864d617b0d;-;Tesla V100-SXM2-16GB;1;2.67E-08;0.0001;1.80E+15;0.1;4514.3832;4.615;;;;;;;;;;;;;;;
distilbert-base-hdeg_0to1_5e;distilbert-base-uncased;0.997;0.997;0.997;0.997;5;12;Adafactor;true;0.016854577;finished;hdeg_0to1;10067;22.2099;0.00001;5;Testrun;225.125;20835;"[""DistilBertForMaskedLM""]";1;gelu;0.9;0.999;1.00E-08;false;0.1;;;;;;;;;768;false;0;true;None;[];None;false;0;true;true;false;true;0.1;false;;0;;;64;20;no;;auto;false;O1;1;;None;false;;3072;;;LABEL_0;LABEL_1;;;;;;;;false;0.02;;false;false;0;1;;;;;;;;None;0;;length;1;false;-1;runs/May18_16-38-45_37af8247aa29;false;20;steps;cosine;1;20;512;;-1;None;0;distilbert;;;12;;6;false;0;;1;1;;false;/content/gdrive/MyDrive/ColabNotebooks/SavedModels/distilbert-base-uncased;false;false;true;0;-1;64;12;None;None;;;;;;;false;;false;0.1;;false;true;1;['wandb'];None;true;false;distilbert-base-hdeg_0to1_5e;;5000;steps;1;42;;0.2;[];false;true;;;;;;;;;1;false;true;true;50;1;false;false;None;04.06.2000;;;false;;false;30522;0;0;37af8247aa29;-;Tesla P100-PCIE-16GB;1;4.39E-11;0.001;1.03E+15;0.1;4642.2048;4.488;;;;;;;;;;;;;;;
bert-base-hdeg_0to1_5e;bert-base-uncased;0.997;0.997;0.997;0.998;5;12;Adafactor;true;0.017405139;finished;hdeg_0to1;35086;42.8774;0.00001;5;Testrun;116.612;20835;"[""BertForMaskedLM""]";1;;0.9;0.999;1.00E-08;false;;0.1;;;;;;;;;false;0;true;None;[];None;false;0;true;true;false;true;;false;;0;;;64;20;no;;auto;false;O1;1;false;None;false;gelu;;0.1;768;LABEL_0;LABEL_1;;;;;;;;false;0.02;3072;false;false;0;1;;;;;;;;None;0;1.00E-12;length;1;false;-1;runs/May18_20-35-16_37af8247aa29;false;20;steps;cosine;1;20;512;;-1;None;0;bert;;;;;;false;0;12;1;1;12;false;/content/gdrive/MyDrive/ColabNotebooks/SavedModels/bert-base-uncased;false;false;true;0;-1;64;12;None;None;;;;;;absolute;false;;false;;;false;true;1;['wandb'];None;true;false;bert-base-hdeg_0to1_5e;;5000;steps;1;42;;;[];;true;;;;;;;;;1;false;;true;50;1;false;false;None;04.06.2000;2;;false;true;false;30522;0;0;66405bf74e79;-;Tesla V100-SXM2-16GB;1;4.04E-11;0.0004;1.68E+15;0.1;9219.4287;2.26;;;;;;;;;;;;;;;
xlnet-hdeg_0_1_3e;xlnet-base-cased;0.996;0.996;0.996;0.999;3;32;AdamW;true;0.008813995;finished;hdeg_0to1;6612;51.9123;0.00002;3;Testrun;57.79;2814;"[""XLNetLMHeadModel""]";1;;0.9;0.999;1.00E-08;false;;;bi;false;1;-1;64;3072;768;;false;0;true;None;[];None;false;0;true;true;false;true;0.1;false;;0;5;2;64;20;no;gelu;auto;false;O1;1;;None;false;;;;;LABEL_0;LABEL_1;;;;;;;;false;0.02;;false;false;0;1;;;;;;;;None;0;1.00E-12;length;1;false;-1;runs/May27_15-53-54_f7078ec85e73;false;20;steps;linear;1;20;;;-1;None;0;xlnet;;12;;12;;false;0;;1;1;;false;/content/gdrive/MyDrive/ColabNotebooks/SavedModels/xlnet-base-cased;false;false;true;5;-1;64;32;None;None;;;;;;;false;;false;;;false;true;1;['wandb'];None;true;false;xlnet-hdeg_0_1_3e;false;5000;steps;1;42;;;[];;true;5;tanh;0.1;last;true;true;250;;1;false;;true;50;1;false;false;None;04.06.2001;;true;false;;false;32000;0;0;f7078ec85e73;-;Tesla P100-PCIE-16GB;1;1.34E-07;0.009;1.62E+16;0.1;3779.3298;0.745;;;;;;;;;;;;;;;
distilbert-base-hdeg_0to1_10e;distilbert-base-uncased;0.996;0.996;0.996;0.997;10;12;Adafactor;true;0.030775018;finished;hdeg_0to1;10038;22.5212;0.00002;10;Testrun;222.013;41670;"[""DistilBertForMaskedLM""]";1;gelu;0.9;0.999;1.00E-08;false;0.1;;;;;;;;;768;false;0;true;None;[];None;false;0;true;true;false;true;0.1;false;;0;;;64;20;no;;auto;false;O1;1;;None;false;;3072;;;LABEL_0;LABEL_1;;;;;;;;false;0.02;;false;false;0;1;;;;;;;;None;0;;length;1;false;-1;runs/May18_13-38-10_37af8247aa29;false;20;steps;cosine;1;20;512;;-1;None;0;distilbert;;;12;;6;false;0;;1;1;;false;/content/gdrive/MyDrive/ColabNotebooks/SavedModels/distilbert-base-uncased;false;false;true;0;-1;64;12;None;None;;;;;;;false;;false;0.1;;false;true;1;['wandb'];None;true;false;distilbert-base-hdeg_0to1_10e;;5000;steps;1;42;;0.2;[];false;true;;;;;;;;;1;false;true;true;50;1;false;false;None;04.06.2000;;;false;;false;30522;0;0;37af8247aa29;-;Tesla P100-PCIE-16GB;1;2.02E-11;0;2.06E+15;0.1;9456.8692;4.406;;;;;;;;;;;;;;;
ernie-hdeg_0to1_5e;nghuyong/ernie-2.0-en;0.996;0.996;0.996;0.997;5;12;Adafactor;true;0.025049863;finished;hdeg_0to1;9184;25.823;0.00002;5;Testrun;193.626;20835;;1;;0.9;0.999;1.00E-08;false;;0.1;;;;;;;;;false;0;true;None;[];None;false;0;true;true;false;true;;false;;0;;;64;20;no;;auto;false;O1;1;false;None;false;gelu;;0.1;768;LABEL_0;LABEL_1;;;;;;;;false;0.02;3072;false;false;0;1;;;;;;;;None;0;0.00001;length;1;false;-1;runs/May18_16-50-13_da864d617b0d;false;20;steps;cosine;1;20;512;;-1;None;0;bert;;;;;;false;0;12;1;1;12;false;/content/gdrive/MyDrive/ColabNotebooks/SavedModels/nghuyong/ernie-2.0-en;false;false;true;0;-1;64;12;None;None;;;;;;absolute;false;;false;;;false;true;1;['wandb'];None;true;false;ernie-htype_0to1_5e;;5000;steps;1;42;4;;[];;true;;;;;;;;16;1;false;;true;50;1;false;false;None;04.06.2000;4;;false;true;false;30522;0;0;da864d617b0d;-;Tesla V100-SXM2-16GB;1;8.08E-11;0;1.68E+15;0.1;3427.623;6.079;;;;;;;;;;;;;;;
distilgpt2-hdeg_0to1_5e;distilgpt2;0.946;0.945;0.945;0.995;5;32;Adafactor;false;0.029768802;finished;hdeg_0to1;1698;9.6142;0.00002;5;Testrun;208.025;3125;"[""GPT2LMHeadModel""]";1;;0.9;0.999;1.00E-08;false;;;;;50256;;;;;;false;0;true;None;[];None;false;0;true;true;false;true;;false;;0;;50256;64;20;no;;auto;false;O1;1;false;None;false;;;;;LABEL_0;LABEL_1;;;;;;;;false;0.02;;false;false;0;1;;;;;;;;None;0;;length;1;false;-1;runs/May22_22-28-39_c71cd6cf2f7c;false;20;steps;cosine;1;20;;;-1;None;0;gpt2;;12;;6;;false;0;;1;1;;false;/content/gdrive/MyDrive/ColabNotebooks/SavedModels/distilgpt2;false;false;true;50256;-1;64;32;None;None;;;;;;;false;;false;;;false;true;1;['wandb'];None;true;false;distilgpt2-hdeg_0to1_5e;;5000;steps;1;42;;;[];;true;;;;cls_index;true;true;50;;1;false;;true;50;1;false;false;None;04.06.2001;;;false;true;false;50257;0;0;c71cd6cf2f7c;-;Tesla P100-PCIE-16GB;1;1.56E-10;0.0135;1.26E+16;0.1;1496.0959;2.089;;gelu_new;0.1;0.1;0.00001;1024;768;1024;0.1;true;0.1;true;1;;
distilgpt2-hdeg_0to1_5eAdam;distilgpt2;0.933;0.933;0.933;0.996;5;32;AdamW;false;0.018128164;finished;hdeg_0to1;2853;10.3952;0.00002;5;Testrun;288.594;4690;"[""GPT2LMHeadModel""]";1;;0.9;0.999;1.00E-08;false;;;;;50256;;;;;;false;0;true;None;[];None;false;0;true;true;false;true;;false;;0;;50256;64;20;no;;auto;false;O1;1;false;None;false;;;;;LABEL_0;LABEL_1;;;;;;;;false;0.02;;false;false;0;1;;;;;;;;None;0;;length;1;false;-1;runs/May25_07-11-24_862e0a014403;false;20;steps;linear;1;20;;;-1;None;0;gpt2;;12;;6;;false;0;;1;1;;false;/content/gdrive/MyDrive/ColabNotebooks/SavedModels/distilgpt2;false;false;true;50256;-1;64;32;None;None;;;;;;;false;;false;;;false;true;1;['wandb'];None;true;false;distilgpt2-hdeg_0to1_5eAdam;;5000;steps;1;42;;;[];;true;;;;cls_index;true;true;50;;1;false;;true;50;1;false;false;None;04.06.2001;;;false;true;false;50257;0;0;862e0a014403;-;Tesla V100-SXM2-16GB;1;4.74E-08;0.0008;1.89E+16;0.1;1287.0081;3.644;;gelu_new;0.1;0.1;0.00001;1024;768;1024;0.1;true;0.1;true;1;;
;;;;;;;;;;;;hdeg_0to1;;;;;;;;;;;;;;;;;;;;;;;;;;;;;;;;;;;;;;;;;;;;;;;;;;;;;;;;;;;;;;;;;;;;;;;;;;;;;;;;;;;;;;;;;;;;;;;;;;;;;;;;;;;;;;;;;;;;;;;;;;;;;;;;;;;;;;;;;;;;;;;;;;;;;;;;;;;;;;;;;;;;;;;;;;;;;;;;;;;;;;;;;;;;;;;;;;;;;;;;;;
H-Degree k=2;Mean (N=8);0.982;0.982;0.982;0.997;;;;;;;hdeg_0to1;;;;;;;;;;;;;;;;;;;;;;;;;;;;;;;;;;;;;;;;;;;;;;;;;;;;;;;;;;;;;;;;;;;;;;;;;;;;;;;;;;;;;;;;;;;;;;;;;;;;;;;;;;;;;;;;;;;;;;;;;;;;;;;;;;;;;;;;;;;;;;;;;;;;;;;;;;;;;;;;;;;;;;;;;;;;;;;;;;;;;;;;;;;;;;;;;;;;;;;;;;
;SD (N=8);0.025;0.025;0.025;0.001;;;;;;;hdeg_0to1;;;;;;;;;;;;;;;;;;;;;;;;;;;;;;;;;;;;;;;;;;;;;;;;;;;;;;;;;;;;;;;;;;;;;;;;;;;;;;;;;;;;;;;;;;;;;;;;;;;;;;;;;;;;;;;;;;;;;;;;;;;;;;;;;;;;;;;;;;;;;;;;;;;;;;;;;;;;;;;;;;;;;;;;;;;;;;;;;;;;;;;;;;;;;;;;;;;;;;;;;;
;;;;;;;;;;;;;;;;;;;;;;;;;;;;;;;;;;;;;;;;;;;;;;;;;;;;;;;;;;;;;;;;;;;;;;;;;;;;;;;;;;;;;;;;;;;;;;;;;;;;;;;;;;;;;;;;;;;;;;;;;;;;;;;;;;;;;;;;;;;;;;;;;;;;;;;;;;;;;;;;;;;;;;;;;;;;;;;;;;;;;;;;;;;;;;;;;;;;;;;;;;;;;;;;;;;;;;
Name;Model Type;precision;recall;F1;eval/accuracy;Train Epochs;Batch Size;Optimizer;fp16;eval/loss;State;Tags;Runtime;eval/runtime;learning_rate;train/epoch;Job Type;eval/samples_per_second;train/global_step;architectures;_n_gpu;activation;adam_beta1;adam_beta2;adam_epsilon;add_cross_attention;attention_dropout;attention_probs_dropout_prob;attn_type;bi_data;bos_token_id;clamp_len;d_head;d_inner;d_model;dim;dataloader_drop_last;dataloader_num_workers;dataloader_pin_memory;ddp_find_unused_parameters;debug;deepspeed;disable_tqdm;diversity_penalty;do_eval;do_predict;do_sample;do_train;dropout;early_stopping;embedding_size;encoder_no_repeat_ngram_size;end_n_top;eos_token_id;eval_batch_size;eval_steps;evaluation_strategy;ff_activation;fp16_backend;fp16_full_eval;fp16_opt_level;gradient_accumulation_steps;gradient_checkpointing;greater_is_better;group_by_length;hidden_act;hidden_dim;hidden_dropout_prob;hidden_size;id2label.0;id2label.1;id2label.2;id2label.3;id2label.4;id2label.5;id2label.6;id2label.7;id2label.8;ignore_data_skip;initializer_range;intermediate_size;is_decoder;is_encoder_decoder;label2id.LABEL_0;label2id.LABEL_1;label2id.LABEL_2;label2id.LABEL_3;label2id.LABEL_4;label2id.LABEL_5;label2id.LABEL_6;label2id.LABEL_7;label2id.LABEL_8;label_names;label_smoothing_factor;layer_norm_eps;length_column_name;length_penalty;load_best_model_at_end;local_rank;logging_dir;logging_first_step;logging_steps;logging_strategy;lr_scheduler_type;max_grad_norm;max_length;max_position_embeddings;max_relative_positions;max_steps;metric_for_best_model;min_length;model_type;mp_parameters;n_head;n_heads;n_layer;n_layers;no_cuda;no_repeat_ngram_size;num_attention_heads;num_beam_groups;num_beams;num_hidden_layers;output_attentions;output_dir;output_hidden_states;output_scores;overwrite_output_dir;pad_token_id;past_index;per_device_eval_batch_size;per_device_train_batch_size;per_gpu_eval_batch_size;per_gpu_train_batch_size;pooler_dropout;pooler_hidden_act;pooler_hidden_size;pos_att_type;position_biased_input;position_embedding_type;prediction_loss_only;problem_type;push_to_hub;qa_dropout;relative_attention;remove_invalid_values;remove_unused_columns;repetition_penalty;report_to;resume_from_checkpoint;return_dict;return_dict_in_generate;run_name;same_length;save_steps;save_strategy;save_total_limit;seed;sent_type_vocab_size;seq_classif_dropout;sharded_ddp;sinusoidal_pos_embds;skip_memory_metrics;start_n_top;summary_activation;summary_last_dropout;summary_type;summary_use_proj;task_specific_params.text-generation.do_sample;task_specific_params.text-generation.max_length;task_type_vocab_size;temperature;tie_encoder_decoder;tie_weights_;tie_word_embeddings;top_k;top_p;torchscript;tpu_metrics_debug;tpu_num_cores;transformers_version;type_vocab_size;untie_r;use_bfloat16;use_cache;use_legacy_prediction_loop;vocab_size;warmup_steps;weight_decay;Hostname;Notes;GPU Type;GPU Count;train/learning_rate;train/loss;train/total_flos;warmup_ratio;train/train_runtime;train/train_samples_per_second;directionality;activation_function;attn_pdrop;embd_pdrop;layer_norm_epsilon;n_ctx;n_embd;n_positions;resid_pdrop;scale_attn_weights;summary_first_dropout;summary_proj_to_labels;_num_labels;n_special;predict_special_tokens
ernie-L-htype_3eAdam;ernie-2.0-large-en;0.810;0.800;0.804;0.811;3;8;AdamW;true;0.633563697;finished;htype;339999;88.5823;0.00003;3;Fullrun;36.023;9576;;1;;0.9;0.999;1.00E-08;false;;0.1;;;;;;;;;false;0;true;None;[];None;false;0;true;true;false;true;;false;;0;;;64;20;no;;auto;false;O1;1;false;None;false;gelu;;0.1;1024;LABEL_0;LABEL_1;LABEL_2;LABEL_3;LABEL_4;LABEL_5;LABEL_6;LABEL_7;LABEL_8;false;0.02;4096;false;false;0;1;2;3;4;5;6;7;8;None;0;0.00001;length;1;false;-1;runs/May25_15-48-15_f7d59b7535af;false;20;steps;linear;1;20;512;;-1;None;0;bert;;;;;;false;0;16;1;1;24;false;/content/gdrive/MyDrive/ColabNotebooks/SavedModels/nghuyong/ernie-2.0-large-en;false;false;true;0;-1;64;8;None;None;;;;;;absolute;false;;false;;;false;true;1;['wandb'];None;true;false;ernie-L-htype_3eAdam;;5000;steps;1;42;4;;[];;true;;;;;;;;16;1;false;;true;50;1;false;false;None;04.06.2001;4;;false;true;false;30522;0;0;4a80a5b4e4fe;-;Tesla P100-PCIE-16GB;1;8.70E-08;0.4929;1.88E+16;0.1;8196.4318;1.168;;;;;;;;;;;;;;;
ernie-htype_3eAdam;ernie-2.0-large-en;0.807;0.802;0.803;0.816;3;16;AdamW;true;0.543523014;finished;htype;363909;28.2072;0.00002;3;Fullrun;113.127;4788;;1;;0.9;0.999;1.00E-08;false;;0.1;;;;;;;;;false;0;true;None;[];None;false;0;true;true;false;true;;false;;0;;;64;20;no;;auto;false;O1;1;false;None;false;gelu;;0.1;768;LABEL_0;LABEL_1;LABEL_2;LABEL_3;LABEL_4;LABEL_5;LABEL_6;LABEL_7;LABEL_8;false;0.02;3072;false;false;0;1;2;3;4;5;6;7;8;None;0;0.00001;length;1;false;-1;runs/May25_08-55-50_f7d59b7535af;false;20;steps;linear;1;20;512;;-1;None;0;bert;;;;;;false;0;12;1;1;12;false;/content/gdrive/MyDrive/ColabNotebooks/SavedModels/nghuyong/ernie-2.0-en;false;false;true;0;-1;64;16;None;None;;;;;;absolute;false;;false;;;false;true;1;['wandb'];None;true;false;ernie-htype_3eAdam;;5000;steps;1;42;4;;[];;true;;;;;;;;16;1;false;;true;50;1;false;false;None;04.06.2001;4;;false;true;false;30522;0;0;4a80a5b4e4fe;-;Tesla P100-PCIE-16GB;1;4.64E-08;0.4066;1.29E+16;0.1;2264.6719;2.114;;;;;;;;;;;;;;;
roberta-htype_5e;roberta-base;0.809;0.798;0.802;0.812;5;32;Adafactor;true;0.549750209;finished;htype;195659;28.2903;0.00002;5;Fullrun;112.795;3990;"[""RobertaForMaskedLM""]";1;;0.9;0.999;1.00E-08;false;;0.1;;;0;;;;;;false;0;true;None;[];None;false;0;true;true;false;true;;false;;0;;2;64;20;no;;auto;false;O1;1;false;None;false;gelu;;0.1;768;LABEL_0;LABEL_1;LABEL_2;LABEL_3;LABEL_4;LABEL_5;LABEL_6;LABEL_7;LABEL_8;false;0.02;3072;false;false;0;1;2;3;4;5;6;7;8;None;0;0.00001;length;1;false;-1;runs/May27_07-13-58_f7078ec85e73;false;20;steps;cosine;1;20;514;;-1;None;0;roberta;;;;;;false;0;12;1;1;12;false;/content/gdrive/MyDrive/ColabNotebooks/SavedModels/roberta-base;false;false;true;1;-1;64;32;None;None;;;;;;absolute;false;;false;;;false;true;1;['wandb'];None;true;false;roberta-htype_5e;;5000;steps;1;42;;;[];;true;;;;;;;;;1;false;;true;50;1;false;false;None;04.06.2001;1;;false;true;false;50265;0;0;4a80a5b4e4fe;-;Tesla P100-PCIE-16GB;1;6.47E-10;0.3779;2.44E+16;0.1;3687.1256;1.082;;;;;;;;;;;;;;;
ernie-L-htype_3eAdam;ernie-2.0-large-en;0.804;0.798;0.800;0.816;3;8;AdamW;true;0.65682894;finished;htype;353130;88.7946;0.00002;3;Fullrun;35.937;9576;;1;;0.9;0.999;1.00E-08;false;;0.1;;;;;;;;;false;0;true;None;[];None;false;0;true;true;false;true;;false;;0;;;64;20;no;;auto;false;O1;1;false;None;false;gelu;;0.1;1024;LABEL_0;LABEL_1;LABEL_2;LABEL_3;LABEL_4;LABEL_5;LABEL_6;LABEL_7;LABEL_8;false;0.02;4096;false;false;0;1;2;3;4;5;6;7;8;None;0;0.00001;length;1;false;-1;runs/May25_11-57-52_f7d59b7535af;false;20;steps;linear;1;20;512;;-1;None;0;bert;;;;;;false;0;16;1;1;24;false;/content/gdrive/MyDrive/ColabNotebooks/SavedModels/nghuyong/ernie-2.0-large-en;false;false;true;0;-1;64;8;None;None;;;;;;absolute;false;;false;;;false;true;1;['wandb'];None;true;false;ernie-L-htype_3eAdam;;5000;steps;1;42;4;;[];;true;;;;;;;;16;1;false;;true;50;1;false;false;None;04.06.2001;4;;false;true;false;30522;0;0;4a80a5b4e4fe;-;Tesla P100-PCIE-16GB;1;5.11E-08;0.4044;1.88E+16;0.1;8219.0227;1.165;;;;;;;;;;;;;;;
distilbert-htype_3eNoFP16;distilbert-base-uncased;0.817;0.787;0.799;0.806;3;32;Adafactor;false;0.552725911;finished;htype;250468;6.2738;0.00002;3;Testrun;318.785;1875;"[""DistilBertForMaskedLM""]";1;gelu;0.9;0.999;1.00E-08;false;0.1;;;;;;;;;768;false;0;true;None;[];None;false;0;true;true;false;true;0.1;false;;0;;;64;20;no;;auto;false;O1;1;;None;false;;3072;;;LABEL_0;LABEL_1;LABEL_2;LABEL_3;LABEL_4;LABEL_5;LABEL_6;LABEL_7;LABEL_8;false;0.02;;false;false;0;1;2;3;4;5;6;7;8;None;0;;length;1;false;-1;runs/May26_16-31-48_517e9e523873;false;20;steps;cosine;1;20;512;;-1;None;0;distilbert;;;12;;6;false;0;;1;1;;false;/content/gdrive/MyDrive/ColabNotebooks/SavedModels/distilbert-base-uncased;false;false;true;0;-1;64;32;None;None;;;;;;;false;;false;0.1;;false;true;1;['wandb'];None;true;false;distilbert-htype_3eNoFP16;;5000;steps;1;42;;0.2;[];false;true;;;;;;;;;1;false;true;true;50;1;false;false;None;04.06.2001;;;false;;false;30522;0;0;4a80a5b4e4fe;-;Tesla P100-PCIE-16GB;1;3.90E-09;0.5042;6.17E+15;0.1;495.4659;3.784;;;;;;;;;;;;;;;
ernie-htype_2eAdam;ernie-2.0-en;0.803;0.797;0.798;0.814;2;16;AdamW;true;0.528927207;finished;htype;2846;28.1864;0.00002;2;Fullrun;113.211;3192;;1;;0.9;0.999;1.00E-08;false;;0.1;;;;;;;;;false;0;true;None;[];None;false;0;true;true;false;true;;false;;0;;;64;20;no;;auto;false;O1;1;false;None;false;gelu;;0.1;768;LABEL_0;LABEL_1;LABEL_2;LABEL_3;LABEL_4;LABEL_5;LABEL_6;LABEL_7;LABEL_8;false;0.02;3072;false;false;0;1;2;3;4;5;6;7;8;None;0;0.00001;length;1;false;-1;runs/May25_09-49-30_f7d59b7535af;false;20;steps;linear;1;20;512;;-1;None;0;bert;;;;;;false;0;12;1;1;12;false;/content/gdrive/MyDrive/ColabNotebooks/SavedModels/nghuyong/ernie-2.0-en;false;false;true;0;-1;64;16;None;None;;;;;;absolute;false;;false;;;false;true;1;['wandb'];None;true;false;ernie-htype_2eAdam;;5000;steps;1;42;4;;[];;true;;;;;;;;16;1;false;;true;50;1;false;false;None;04.06.2001;4;;false;true;false;30522;0;0;f7d59b7535af;-;Tesla P100-PCIE-16GB;1;9.75E-08;0.5493;8.59E+15;0.1;1516.6746;2.105;;;;;;;;;;;;;;;
distilbert-htype_3e_FP16;distilbert-base-uncased;0.814;0.785;0.797;0.805;3;32;Adafactor;true;0.552442253;finished;htype;249648;6.344;0.00002;3;Testrun;315.26;1875;"[""DistilBertForMaskedLM""]";1;gelu;0.9;0.999;1.00E-08;false;0.1;;;;;;;;;768;false;0;true;None;[];None;false;0;true;true;false;true;0.1;false;;0;;;64;20;no;;auto;false;O1;1;;None;false;;3072;;;LABEL_0;LABEL_1;LABEL_2;LABEL_3;LABEL_4;LABEL_5;LABEL_6;LABEL_7;LABEL_8;false;0.02;;false;false;0;1;2;3;4;5;6;7;8;None;0;;length;1;false;-1;runs/May26_16-46-49_517e9e523873;false;20;steps;cosine;1;20;512;;-1;None;0;distilbert;;;12;;6;false;0;;1;1;;false;/content/gdrive/MyDrive/ColabNotebooks/SavedModels/distilbert-base-uncased;false;false;true;0;-1;64;32;None;None;;;;;;;false;;false;0.1;;false;true;1;['wandb'];None;true;false;distilbert-htype_3e_FP16;;5000;steps;1;42;;0.2;[];false;true;;;;;;;;;1;false;true;true;50;1;false;false;None;04.06.2001;;;false;;false;30522;0;0;4a80a5b4e4fe;-;Tesla P100-PCIE-16GB;1;3.90E-09;0.5046;6.17E+15;0.1;261.3591;7.174;;;;;;;;;;;;;;;
distilroberta-htype_5e;distilroberta-base;0.809;0.788;0.797;0.817;5;64;Adafactor;true;0.522615075;finished;htype;193410;15.2234;0.00002;5;Fullrun;209.612;1995;"[""RobertaForMaskedLM""]";1;;0.9;0.999;1.00E-08;false;;0.1;;;0;;;;;;false;0;true;None;[];None;false;0;true;true;false;true;;false;;0;;2;64;20;no;;auto;false;O1;1;false;None;false;gelu;;0.1;768;LABEL_0;LABEL_1;LABEL_2;LABEL_3;LABEL_4;LABEL_5;LABEL_6;LABEL_7;LABEL_8;false;0.02;3072;false;false;0;1;2;3;4;5;6;7;8;None;0;0.00001;length;1;false;-1;runs/May27_08-25-39_f7078ec85e73;false;20;steps;cosine;1;20;514;;-1;None;0;roberta;;;;;;false;0;12;1;1;6;false;/content/gdrive/MyDrive/ColabNotebooks/SavedModels/distilroberta-base;false;false;true;1;-1;64;64;None;None;;;;;;absolute;false;;false;;;false;true;1;['wandb'];None;true;false;distilroberta-htype_5e;;5000;steps;1;42;;;[];;true;;;;;;;;;1;false;;true;50;1;false;false;None;04.06.2001;1;;false;true;false;50265;0;0;4a80a5b4e4fe;-;Tesla P100-PCIE-16GB;1;3.92E-09;0.4677;1.61E+16;0.1;1689.219;1.181;;;;;;;;;;;;;;;
ernie-htype_balanced5e;ernie-2.0-en;0.801;0.794;0.797;0.813;5;12;Adafactor;true;0.721099436;finished;htype;4793;14.8002;0.00002;5;Fullrun;215.606;10640;;1;;0.9;0.999;1.00E-08;false;;0.1;;;;;;;;;false;0;true;None;[];None;false;0;true;true;false;true;;false;;0;;;64;20;no;;auto;false;O1;1;false;None;false;gelu;;0.1;768;LABEL_0;LABEL_1;LABEL_2;LABEL_3;LABEL_4;LABEL_5;LABEL_6;LABEL_7;LABEL_8;false;0.02;3072;false;false;0;1;2;3;4;5;6;7;8;None;0;0.00001;length;1;false;-1;runs/May18_13-18-24_da864d617b0d;false;20;steps;cosine;1;20;512;;-1;None;0;bert;;;;;;false;0;12;1;1;12;false;/content/gdrive/MyDrive/ColabNotebooks/SavedModels/nghuyong/ernie-2.0-en;false;false;true;0;-1;64;12;None;None;;;;;;absolute;false;;false;;;false;true;1;['wandb'];None;true;false;ernie-htype_balanced5e;;5000;steps;1;42;4;;[];;true;;;;;;;;16;1;false;;true;50;1;false;false;None;04.06.2000;4;;false;true;false;30522;0;0;da864d617b0d;-;Tesla V100-SXM2-16GB;1;8.61E-12;0.2063;1.29E+15;0.1;1770.4266;6.01;;;;;;;;;;;;;;;
ernie-L--htype_0to5_5eAdamWa;ernie-2.0-large-en;0.801;0.794;0.797;0.808;5;8;AdamW;false;1.177608848;finished;htype;345272;43.6142;0.00002;5;Testrun;68.785;18750;;1;;0.9;0.999;1.00E-08;false;;0.1;;;;;;;;;false;0;true;None;[];None;false;0;true;true;false;true;;false;;0;;;64;20;no;;auto;false;O1;1;false;None;false;gelu;;0.1;1024;LABEL_0;LABEL_1;LABEL_2;LABEL_3;LABEL_4;LABEL_5;LABEL_6;LABEL_7;LABEL_8;false;0.02;4096;false;false;0;1;2;3;4;5;6;7;8;None;0;0.00001;length;1;false;-1;runs/May25_13-58-20_862e0a014403;false;20;steps;linear;1;20;512;;-1;None;0;bert;;;;;;false;0;16;1;1;24;false;/content/gdrive/MyDrive/ColabNotebooks/SavedModels/nghuyong/ernie-2.0-large-en;false;false;true;0;-1;64;8;None;None;;;;;;absolute;false;;false;;;false;true;1;['wandb'];None;true;false;ernie-L--htype_0to5_5eAdamWa;;5000;steps;1;42;4;;[];;true;;;;;;;;16;1;false;;true;50;1;false;false;None;04.06.2001;4;;false;true;false;30522;0;0;4a80a5b4e4fe;-;Tesla P100-PCIE-16GB;1;1.19E-08;0.1587;1.54E+16;0.1;10254.2618;1.829;;;;;;;;;;;;;;;
ernie-htype_1eAdam;ernie-2.0-en;0.813;0.788;0.796;0.808;1;16;AdamW;true;0.549802065;finished;htype;214155;28.2534;0.00002;1;Fullrun;112.942;1596;;1;;0.9;0.999;1.00E-08;false;;0.1;;;;;;;;;false;0;true;None;[];None;false;0;true;true;false;true;;false;;0;;;64;20;no;;auto;false;O1;1;false;None;false;gelu;;0.1;768;LABEL_0;LABEL_1;LABEL_2;LABEL_3;LABEL_4;LABEL_5;LABEL_6;LABEL_7;LABEL_8;false;0.02;3072;false;false;0;1;2;3;4;5;6;7;8;None;0;0.00001;length;1;false;-1;runs/May25_10-38-32_f7d59b7535af;false;20;steps;linear;1;20;512;;-1;None;0;bert;;;;;;false;0;12;1;1;12;false;/content/gdrive/MyDrive/ColabNotebooks/SavedModels/nghuyong/ernie-2.0-en;false;false;true;0;-1;64;16;None;None;;;;;;absolute;false;;false;;;false;true;1;['wandb'];None;true;false;ernie-htype_1eAdam;;5000;steps;1;42;4;;[];;true;;;;;;;;16;1;false;;true;50;1;false;false;None;04.06.2001;4;;false;true;false;30522;0;0;f7078ec85e73;-;Tesla P100-PCIE-16GB;1;2.37E-07;0.6275;4.29E+15;0.1;759.6515;2.101;;;;;;;;;;;;;;;
xlnet-htype_5e;xlnet-base-cased;0.802;0.790;0.794;0.815;5;32;AdamW;true;0.573031545;finished;htype;6069;57.7138;0.00002;5;Fullrun;55.29;3990;"[""XLNetLMHeadModel""]";1;;0.9;0.999;1.00E-08;false;;;bi;false;1;-1;64;3072;768;;false;0;true;None;[];None;false;0;true;true;false;true;0.1;false;;0;5;2;64;20;no;gelu;auto;false;O1;1;;None;false;;;;;LABEL_0;LABEL_1;LABEL_2;LABEL_3;LABEL_4;LABEL_5;LABEL_6;LABEL_7;LABEL_8;false;0.02;;false;false;0;1;2;3;4;5;6;7;8;None;0;1.00E-12;length;1;false;-1;runs/May27_13-48-45_f7078ec85e73;false;20;steps;linear;1;20;;;-1;None;0;xlnet;;12;;12;;false;0;;1;1;;false;/content/gdrive/MyDrive/ColabNotebooks/SavedModels/xlnet-base-cased;false;false;true;5;-1;64;32;None;None;;;;;;;false;;false;;;false;true;1;['wandb'];None;true;false;xlnet-htype_5e;false;5000;steps;1;42;;;[];;true;5;tanh;0.1;last;true;true;250;;1;false;;true;50;1;false;false;None;04.06.2001;;true;false;;false;32000;0;0;f7078ec85e73;-;Tesla P100-PCIE-16GB;1;7.24E-08;0.3574;2.30E+16;0.1;5352.8849;0.745;;;;;;;;;;;;;;;
distilroberta-htype_10e;distilroberta-base;0.801;0.786;0.792;0.814;10;64;Adafactor;true;0.602459252;finished;htype;4651;15.2942;0.00002;10;Fullrun;208.642;3990;"[""RobertaForMaskedLM""]";1;;0.9;0.999;1.00E-08;false;;0.1;;;0;;;;;;false;0;true;None;[];None;false;0;true;true;false;true;;false;;0;;2;64;20;no;;auto;false;O1;1;false;None;false;gelu;;0.1;768;LABEL_0;LABEL_1;LABEL_2;LABEL_3;LABEL_4;LABEL_5;LABEL_6;LABEL_7;LABEL_8;false;0.02;3072;false;false;0;1;2;3;4;5;6;7;8;None;0;0.00001;length;1;false;-1;runs/May27_08-59-29_f7078ec85e73;false;20;steps;cosine;1;20;514;;-1;None;0;roberta;;;;;;false;0;12;1;1;6;false;/content/gdrive/MyDrive/ColabNotebooks/SavedModels/distilroberta-base;false;false;true;1;-1;64;64;None;None;;;;;;absolute;false;;false;;;false;true;1;['wandb'];None;true;false;distilroberta-htype_10e;;5000;steps;1;42;;;[];;true;;;;;;;;;1;false;;true;50;1;false;false;None;04.06.2001;1;;false;true;false;50265;0;0;f7078ec85e73;-;Tesla P100-PCIE-16GB;1;5.51E-10;0.2449;3.22E+16;0.1;3373.8364;1.183;;;;;;;;;;;;;;;
xlnet-L-htype_balanced5e;xlnet-large-cased;0.799;0.787;0.792;0.806;5;12;AdamW;true;0.627153516;finished;htype;21529;113.0981;0.00002;5;Fullrun;28.214;10640;"[""XLNetLMHeadModel""]";1;;0.9;0.999;1.00E-08;false;;;bi;false;1;-1;64;4096;1024;;false;0;true;None;[];None;false;0;true;true;false;true;0.1;false;;0;5;2;64;20;no;gelu;auto;false;O1;1;;None;false;;;;;LABEL_0;LABEL_1;LABEL_2;LABEL_3;LABEL_4;LABEL_5;LABEL_6;LABEL_7;LABEL_8;false;0.02;;false;false;0;1;2;3;4;5;6;7;8;None;0;1.00E-12;length;1;false;-1;runs/May16_07-41-40_5c70c0e4f86a;false;20;steps;linear;1;20;;;-1;None;0;xlnet;;16;;24;;false;0;;1;1;;false;/content/gdrive/MyDrive/ColabNotebooks/SavedModels/xlnet-large-cased;false;false;true;5;-1;64;12;None;None;;;;;;;false;;false;;;false;true;1;['wandb'];None;true;false;xlnet-L-htype_balanced5e;false;5000;steps;1;42;;;[];;true;5;tanh;0.1;last;true;true;250;;1;false;;true;50;1;false;false;None;04.06.2000;;true;false;;false;32000;0;0;35382d814956;-;;;1.67E-08;0.4337;4.26E+15;0.1;6265.2051;1.698;;;;;;;;;;;;;;;
bert-base-htype_5eAda;bert-base-uncased;0.797;0.787;0.791;0.815;5;32;Adafactor;true;0.576717377;finished;htype;4452;28.4581;0.00002;5;Fullrun;112.13;3990;"[""BertForMaskedLM""]";1;;0.9;0.999;1.00E-08;false;;0.1;;;;;;;;;false;0;true;None;[];None;false;0;true;true;false;true;;false;;0;;;64;20;no;;auto;false;O1;1;false;None;false;gelu;;0.1;768;LABEL_0;LABEL_1;LABEL_2;LABEL_3;LABEL_4;LABEL_5;LABEL_6;LABEL_7;LABEL_8;false;0.02;3072;false;false;0;1;2;3;4;5;6;7;8;None;0;1.00E-12;length;1;false;-1;runs/May26_08-25-09_b469aaab1f08;false;20;steps;cosine;1;20;512;;-1;None;0;bert;;;;;;false;0;12;1;1;12;false;/content/gdrive/MyDrive/ColabNotebooks/SavedModels/bert-base-uncased;false;false;true;0;-1;64;32;None;None;;;;;;absolute;false;;false;;;false;true;1;['wandb'];None;true;false;bert-base-htype_5eAda;;5000;steps;1;42;;;[];;true;;;;;;;;;1;false;;true;50;1;false;false;None;04.06.2001;2;;false;true;false;30522;0;0;b469aaab1f08;-;Tesla P100-PCIE-16GB;1;5.51E-10;0.344;2.15E+16;0.1;3683.3256;1.083;;;;;;;;;;;;;;;
bert-base-htype_10eAdam;bert-base-uncased;0.797;0.787;0.791;0.803;10;32;AdamW;true;1.136502385;finished;htype;7860;28.5128;0.000025;10;Fullrun;111.915;7980;"[""BertForMaskedLM""]";1;;0.9;0.999;1.00E-08;false;;0.1;;;;;;;;;false;0;true;None;[];None;false;0;true;true;false;true;;false;;0;;;64;20;no;;auto;false;O1;1;false;None;false;gelu;;0.1;768;LABEL_0;LABEL_1;LABEL_2;LABEL_3;LABEL_4;LABEL_5;LABEL_6;LABEL_7;LABEL_8;false;0.02;3072;false;false;0;1;2;3;4;5;6;7;8;None;0;1.00E-12;length;1;false;-1;runs/May26_09-42-27_b469aaab1f08;false;20;steps;linear;1;20;512;;-1;None;0;bert;;;;;;false;0;12;1;1;12;false;/content/gdrive/MyDrive/ColabNotebooks/SavedModels/bert-base-uncased;false;false;true;0;-1;64;32;None;None;;;;;;absolute;false;;false;;;false;true;1;['wandb'];None;true;false;bert-base-htype_10eAdam;;5000;steps;1;42;;;[];;true;;;;;;;;;1;false;;true;50;1;false;false;None;04.06.2001;2;;false;true;false;30522;0;0;b469aaab1f08;-;Tesla P100-PCIE-16GB;1;1.39E-08;0.0181;1.60E+16;0.1;6890.9158;1.158;;;;;;;;;;;;;;;
distilroberta-htype_20e;distilroberta-base;0.794;0.786;0.789;0.800;20;128;Adafactor;true;0.778957188;finished;htype;6657;13.362;0.00002;20;Fullrun;238.811;4000;"[""RobertaForMaskedLM""]";1;;0.9;0.999;1.00E-08;false;;0.1;;;0;;;;;;false;0;true;None;[];None;false;0;true;true;false;true;;false;;0;;2;64;20;no;;auto;false;O1;1;false;None;false;gelu;;0.1;768;LABEL_0;LABEL_1;LABEL_2;LABEL_3;LABEL_4;LABEL_5;LABEL_6;LABEL_7;LABEL_8;false;0.02;3072;false;false;0;1;2;3;4;5;6;7;8;None;0;0.00001;length;1;false;-1;runs/May27_10-27-26_f7078ec85e73;false;20;steps;cosine;1;20;514;;-1;None;0;roberta;;;;;;false;0;12;1;1;6;false;/content/gdrive/MyDrive/ColabNotebooks/SavedModels/distilroberta-base;false;false;true;1;-1;64;128;None;None;;;;;;absolute;false;;false;;;false;true;1;['wandb'];None;true;false;distilroberta-htype_20e;;5000;steps;1;42;;;[];;true;;;;;;;;;1;false;;true;50;1;false;false;None;04.06.2001;1;;false;true;false;50265;0;0;f7078ec85e73;-;Tesla P100-PCIE-16GB;1;1.52E-11;0.1501;6.44E+16;0.1;6409.2647;0.624;;;;;;;;;;;;;;;
electra-L-htype_5e;electra-large-discriminator;0.790;0.789;0.789;0.806;5;16;Adafactor;true;0.629521787;finished;htype;18195;89.4047;0.00002;5;Fullrun;35.692;7980;"[""ElectraForPreTraining""]";1;;0.9;0.999;1.00E-08;false;;0.1;;;;;;;;;false;0;true;None;[];None;false;0;true;true;false;true;;false;1024;0;;;64;20;no;;auto;false;O1;1;;None;false;gelu;;0.1;1024;LABEL_0;LABEL_1;LABEL_2;LABEL_3;LABEL_4;LABEL_5;LABEL_6;LABEL_7;LABEL_8;false;0.02;4096;false;false;0;1;2;3;4;5;6;7;8;None;0;1.00E-12;length;1;false;-1;runs/May27_13-28-23_3c89244b6238;false;20;steps;cosine;1;20;512;;-1;None;0;electra;;;;;;false;0;16;1;1;24;false;/content/gdrive/MyDrive/ColabNotebooks/SavedModels/google/electra-large-discriminator;false;false;true;0;-1;64;16;None;None;;;;;;absolute;false;;false;;;false;true;1;['wandb'];None;true;false;electra-L-htype_5e;;5000;steps;1;42;;;[];;true;;gelu;0.1;first;true;;;;1;false;;true;50;1;false;false;None;04.06.2001;2;;false;;false;30522;0;0;f7078ec85e73;-;Tesla P100-PCIE-16GB;1;1.88E-10;0.3926;2.45E+16;0.1;12248.6006;0.652;;;;;;;;;;;;;;;
ernie-htype_balanced10e;ernie-2.0-en;0.789;0.789;0.788;0.800;10;12;Adafactor;true;1.349224687;finished;htype;4427;17.3892;0.00002;10;Fullrun;183.504;21280;;1;;0.9;0.999;1.00E-08;false;;0.1;;;;;;;;;false;0;true;None;[];None;false;0;true;true;false;true;;false;;0;;;64;20;no;;auto;false;O1;1;false;None;false;gelu;;0.1;768;LABEL_0;LABEL_1;LABEL_2;LABEL_3;LABEL_4;LABEL_5;LABEL_6;LABEL_7;LABEL_8;false;0.02;3072;false;false;0;1;2;3;4;5;6;7;8;None;0;0.00001;length;1;false;-1;runs/May18_14-40-31_da864d617b0d;false;20;steps;cosine;1;20;512;;-1;None;0;bert;;;;;;false;0;12;1;1;12;false;/content/gdrive/MyDrive/ColabNotebooks/SavedModels/nghuyong/ernie-2.0-en;false;false;true;0;-1;64;12;None;None;;;;;;absolute;false;;false;;;false;true;1;['wandb'];None;true;false;ernie-htype_balanced10e;;5000;steps;1;42;4;;[];;true;;;;;;;;16;1;false;;true;50;1;false;false;None;04.06.2000;4;;false;true;false;30522;0;0;da864d617b0d;-;Tesla V100-SXM2-16GB;1;1.63E-11;0.0912;2.58E+15;0.1;3627.1407;5.867;;;;;;;;;;;;;;;
distilbert-htype_balanced10e;distilbert-base-uncased;0.790;0.782;0.785;0.802;10;12;Adafactor;true;1.21076417;finished;htype;395733;14.4441;0.00002;10;Fullrun;220.92;21280;"[""DistilBertForMaskedLM""]";1;gelu;0.9;0.999;1.00E-08;false;0.1;;;;;;;;;768;false;0;true;None;[];None;false;0;true;true;false;true;0.1;false;;0;;;64;20;no;;auto;false;O1;1;;None;false;;3072;;;LABEL_0;LABEL_1;LABEL_2;LABEL_3;LABEL_4;LABEL_5;LABEL_6;LABEL_7;LABEL_8;false;0.02;;false;false;0;1;2;3;4;5;6;7;8;None;0;;length;1;false;-1;runs/May15_18-51-00_ff1007b350e9;false;20;steps;cosine;1;20;512;;-1;None;0;distilbert;;;12;;6;false;0;;1;1;;false;/content/gdrive/MyDrive/ColabNotebooks/SavedModels/distilbert-base-uncased;false;false;true;0;-1;64;12;None;None;;;;;;;false;;false;0.1;;false;true;1;['wandb'];None;true;false;distilbert-htype_balanced10e;;5000;steps;1;42;;0.2;[];false;true;;;;;;;;;1;false;true;true;50;1;false;false;None;04.06.2000;;;false;;false;30522;0;0;92e4a7f97d3e;-;Tesla P100-PCIE-16GB;1;1.35E-11;0.0943;1.58E+15;0.1;4349.1412;4.893;;;;;;;;;;;;;;;
bertweet-htype_balanced20e;distilbert-base-uncased;0.790;0.782;0.785;0.802;10;12;Adafactor;true;1.21076417;finished;htype;52846;14.3102;0.00002;10;Fullrun;222.987;21280;"[""DistilBertForMaskedLM""]";1;gelu;0.9;0.999;1.00E-08;false;0.1;;;;;;;;;768;false;0;true;None;[];None;false;0;true;true;false;true;0.1;false;;0;;;64;20;no;;auto;false;O1;1;;None;false;;3072;;;LABEL_0;LABEL_1;LABEL_2;LABEL_3;LABEL_4;LABEL_5;LABEL_6;LABEL_7;LABEL_8;false;0.02;;false;false;0;1;2;3;4;5;6;7;8;None;0;;length;1;false;-1;runs/May15_23-27-05_ff1007b350e9;false;20;steps;cosine;1;20;512;;-1;None;0;distilbert;;;12;;6;false;0;;1;1;;false;/content/gdrive/MyDrive/ColabNotebooks/SavedModels/distilbert-base-uncased;false;false;true;0;-1;64;12;None;None;;;;;;;false;;false;0.1;;false;true;1;['wandb'];None;true;false;distilbert-htype_balanced10e;;5000;steps;1;42;;0.2;[];false;true;;;;;;;;;1;false;true;true;50;1;false;false;None;04.06.2000;;;false;;false;30522;0;0;35382d814956;-;;;1.35E-11;0.0943;1.58E+15;0.1;4369.6263;4.87;;;;;;;;;;;;;;;
electra-base-htype_balanced20e;electra-base-discriminator;0.782;0.782;0.781;0.798;20;12;Adafactor;true;1.869579434;finished;htype;24786;28.2326;0.00002;20;Fullrun;113.025;42560;"[""ElectraForPreTraining""]";1;;0.9;0.999;1.00E-08;false;;0.1;;;;;;;;;false;0;true;None;[];None;false;0;true;true;false;true;;false;768;0;;;64;20;no;;auto;false;O1;1;;None;false;gelu;;0.1;768;LABEL_0;LABEL_1;LABEL_2;LABEL_3;LABEL_4;LABEL_5;LABEL_6;LABEL_7;LABEL_8;false;0.02;3072;false;false;0;1;2;3;4;5;6;7;8;None;0;1.00E-12;length;1;false;-1;runs/May15_23-22-00_a267d83c535e;false;20;steps;cosine;1;20;512;;-1;None;0;electra;;;;;;false;0;12;1;1;12;false;/content/gdrive/MyDrive/ColabNotebooks/SavedModels/google/electra-base-discriminator;false;false;true;0;-1;64;12;None;None;;;;;;absolute;false;;false;;;false;true;1;['wandb'];None;true;false;electra-base-htype_balanced20e;;5000;steps;1;42;;;[];;true;;gelu;0.1;first;true;;;;1;false;;true;50;1;false;false;None;04.06.2000;2;;false;;false;30522;0;0;a267d83c535e;-;Tesla P100-PCIE-16GB;1;9.72E-12;0.0349;5.16E+15;0.1;18875.9654;2.255;;;;;;;;;;;;;;;
ernie-tiny-htype_5e;ernie-tiny;0.843;0.736;0.777;0.748;5;128;AdamW;true;0.75072515;finished;htype;1713;11.1997;0.00002;5;Fullrun;284.919;1000;;1;;0.9;0.999;1.00E-08;false;;0.1;;;;;;;;;false;0;true;None;[];None;false;0;true;true;false;true;;false;;0;;;64;20;no;;auto;false;O1;1;false;None;false;relu;;0.1;1024;LABEL_0;LABEL_1;LABEL_2;LABEL_3;LABEL_4;LABEL_5;LABEL_6;LABEL_7;LABEL_8;false;0.02;4096;false;false;0;1;2;3;4;5;6;7;8;None;0;0.00001;length;1;false;-1;runs/May27_21-43-02_3c89244b6238;false;20;steps;linear;1;20;600;;-1;None;0;bert;;;;;;false;0;16;1;1;3;false;/content/gdrive/MyDrive/ColabNotebooks/SavedModels/nghuyong/ernie-tiny;false;false;true;0;-1;64;128;None;None;;;;;;absolute;false;;false;;;false;true;1;['wandb'];None;true;false;ernie-tiny-htype_5e;;5000;steps;1;42;;;[];;true;;;;;;;;;1;false;;true;50;1;false;false;None;04.06.2001;2;;false;true;false;50006;0;0;3c89244b6238;-;Tesla P100-PCIE-16GB;1;0;0.7576;1.78E+16;0.1;1276.7329;0.783;bidi;;;;;;;;;;;;;;
ernie-htype_3eAdam;ernie-tiny;0.841;0.737;0.777;0.747;3;16;AdamW;true;0.748624682;finished;htype;205303;13.7867;0.00002;3;Fullrun;231.454;4788;;1;;0.9;0.999;1.00E-08;false;;0.1;;;;;;;;;false;0;true;None;[];None;false;0;true;true;false;true;;false;;0;;;64;20;no;;auto;false;O1;1;false;None;false;relu;;0.1;1024;LABEL_0;LABEL_1;LABEL_2;LABEL_3;LABEL_4;LABEL_5;LABEL_6;LABEL_7;LABEL_8;false;0.02;4096;false;false;0;1;2;3;4;5;6;7;8;None;0;0.00001;length;1;false;-1;runs/May25_11-09-13_f7d59b7535af;false;20;steps;linear;1;20;600;;-1;None;0;bert;;;;;;false;0;16;1;1;3;false;/content/gdrive/MyDrive/ColabNotebooks/SavedModels/nghuyong/ernie-tiny;false;false;true;0;-1;64;16;None;None;;;;;;absolute;false;;false;;;false;true;1;['wandb'];None;true;false;ernie-htype_3eAdam;;5000;steps;1;42;;;[];;true;;;;;;;;;1;false;;true;50;1;false;false;None;04.06.2001;2;;false;true;false;50006;0;0;f7078ec85e73;-;Tesla P100-PCIE-16GB;1;5.11E-08;0.7822;1.07E+16;0.1;1023.1852;4.68;bidi;;;;;;;;;;;;;;
ernie-tiny-htype3e;ernie-tiny;0.847;0.733;0.775;0.743;3;128;AdamW;true;0.758599043;finished;htype;2539;11.5964;0.00002;3;Fullrun;275.173;600;;1;;0.9;0.999;1.00E-08;false;;0.1;;;;;;;;;false;0;true;None;[];None;false;0;true;true;false;true;;false;;0;;;64;20;no;;auto;false;O1;1;false;None;false;relu;;0.1;1024;LABEL_0;LABEL_1;LABEL_2;LABEL_3;LABEL_4;LABEL_5;LABEL_6;LABEL_7;LABEL_8;false;0.02;4096;false;false;0;1;2;3;4;5;6;7;8;None;0;0.00001;length;1;false;-1;runs/May27_21-30-25_f7078ec85e73;false;20;steps;linear;1;20;600;;-1;None;0;bert;;;;;;false;0;16;1;1;3;false;/content/gdrive/MyDrive/ColabNotebooks/SavedModels/nghuyong/ernie-tiny;false;false;true;0;-1;64;128;None;None;;;;;;absolute;false;;false;;;false;true;1;['wandb'];None;true;false;ernie-tiny-htype3e;;5000;steps;1;42;;;[];;true;;;;;;;;;1;false;;true;50;1;false;false;None;04.06.2001;2;;false;true;false;50006;0;0;f7078ec85e73;-;Tesla P100-PCIE-16GB;1;0;0.7759;1.07E+16;0.1;779.9314;0.769;bidi;;;;;;;;;;;;;;
distilgpt2-htype10e;distilgpt2;0.996;0.537;0.697;0.806;10;16;Adafactor;false;0.631173193;finished;htype;4126;12.1879;0.00002;10;Testrun;164.098;12500;"[""GPT2LMHeadModel""]";1;;0.9;0.999;1.00E-08;false;;;;;50256;;;;;;false;0;true;None;[];None;false;0;true;true;false;true;;false;;0;;50256;64;20;no;;auto;false;O1;1;false;None;false;;;;;LABEL_0;LABEL_1;LABEL_2;LABEL_3;LABEL_4;LABEL_5;LABEL_6;LABEL_7;LABEL_8;false;0.02;;false;false;0;1;2;3;4;5;6;7;8;None;0;;length;1;false;-1;runs/May20_21-55-47_80e71143b324;false;20;steps;cosine;1;20;;;-1;None;0;gpt2;;12;;6;;false;0;;1;1;;false;/content/gdrive/MyDrive/ColabNotebooks/SavedModels/distilgpt2;false;false;true;50256;-1;64;16;None;None;;;;;;;false;;false;;;false;true;1;['wandb'];None;true;false;distilgpt2-htype10e;;5000;steps;1;42;;;[];;true;;;;cls_index;true;true;50;;1;false;;true;50;1;false;false;None;04.06.2001;;;false;true;false;50257;0;0;80e71143b324;-;Tesla V100-SXM2-16GB;1;0;0.3931;1.01E+16;0.1;4010.5317;3.117;;gelu_new;0.1;0.1;0.00001;1024;768;1024;0.1;true;0.1;true;1;;
distilgpt2-htype_20eAdamFull;distilgpt2;0.936;0.524;0.669;0.801;20;16;AdamW;true;1.020099759;finished;htype;9560;19.2463;0.00002;20;Fullrun;165.798;31920;"[""GPT2LMHeadModel""]";1;;0.9;0.999;1.00E-08;false;;;;;50256;;;;;;false;0;true;None;[];None;false;0;true;true;false;true;;false;;0;;50256;64;20;no;;auto;false;O1;1;false;None;false;;;;;LABEL_0;LABEL_1;LABEL_2;LABEL_3;LABEL_4;LABEL_5;LABEL_6;LABEL_7;LABEL_8;false;0.02;;false;false;0;1;2;3;4;5;6;7;8;None;0;;length;1;false;-1;runs/May21_07-28-01_b04e75a858a2;false;20;steps;linear;1;20;;;-1;None;0;gpt2;;12;;6;;false;0;;1;1;;false;/content/gdrive/MyDrive/ColabNotebooks/SavedModels/distilgpt2;false;false;true;50256;-1;64;16;None;None;;;;;;;false;;false;;;false;true;1;['wandb'];None;true;false;distilgpt2-htype_20eAdamFull;;5000;steps;1;42;;;[];;true;;;;cls_index;true;true;50;;1;false;;true;50;1;false;false;None;04.06.2001;;;false;true;false;50257;0;0;b04e75a858a2;-;Tesla V100-SXM2-16GB;1;1.18E-08;0.2383;7.73E+15;0.1;5525.7347;5.777;;gelu_new;0.1;0.1;0.00001;1024;768;1024;0.1;true;0.1;true;1;;
distilgpt2-htype50eFull;distilgpt2;0.877;0.536;0.664;0.788;50;16;Adafactor;true;2.668486834;finished;htype;299826;33.982;0.00002;50;Fullrun;93.903;79800;"[""GPT2LMHeadModel""]";1;;0.9;0.999;1.00E-08;false;;;;;50256;;;;;;false;0;true;None;[];None;false;0;true;true;false;true;;false;;0;;50256;64;20;no;;auto;false;O1;1;false;None;false;;;;;LABEL_0;LABEL_1;LABEL_2;LABEL_3;LABEL_4;LABEL_5;LABEL_6;LABEL_7;LABEL_8;false;0.02;;false;false;0;1;2;3;4;5;6;7;8;None;0;;length;1;false;-1;runs/May21_10-09-16_7d1408c12223;false;20;steps;cosine;1;20;;;-1;None;0;gpt2;;12;;6;;false;0;;1;1;;false;/content/gdrive/MyDrive/ColabNotebooks/SavedModels/distilgpt2;false;false;true;50256;-1;64;16;None;None;;;;;;;false;;false;;;false;true;1;['wandb'];None;true;false;distilgpt2-htype50eFull;;5000;steps;1;42;;;[];;true;;;;cls_index;true;true;50;;1;false;;true;50;1;false;false;None;04.06.2001;;;false;true;false;50257;0;0;a86d26dfcb26;-;Tesla P100-PCIE-16GB;1;1.38E-11;0.0055;1.93E+16;0.1;44179.5406;1.806;;gelu_new;0.1;0.1;0.00001;1024;768;1024;0.1;true;0.1;true;1;;
distilgpt2-htype_20eAdam;distilgpt2;0.928;0.513;0.657;0.804;20;16;AdamW;true;1.030929923;finished;htype;42684;12.4449;0.00002;20;Testrun;160.709;25000;"[""GPT2LMHeadModel""]";1;;0.9;0.999;1.00E-08;false;;;;;50256;;;;;;false;0;true;None;[];None;false;0;true;true;false;true;;false;;0;;50256;64;20;no;;auto;false;O1;1;false;None;false;;;;;LABEL_0;LABEL_1;LABEL_2;LABEL_3;LABEL_4;LABEL_5;LABEL_6;LABEL_7;LABEL_8;false;0.02;;false;false;0;1;2;3;4;5;6;7;8;None;0;;length;1;false;-1;runs/May20_22-07-57_475a85d9057d;false;20;steps;linear;1;20;;;-1;None;0;gpt2;;12;;6;;false;0;;1;1;;false;/content/gdrive/MyDrive/ColabNotebooks/SavedModels/distilgpt2;false;false;true;50256;-1;64;16;None;None;;;;;;;false;;false;;;false;true;1;['wandb'];None;true;false;distilgpt2-htype_20eAdam;;5000;steps;1;42;;;[];;true;;;;cls_index;true;true;50;;1;false;;true;50;1;false;false;None;04.06.2000;;;false;true;false;50257;0;0;b04e75a858a2;-;Tesla V100-SXM2-16GB;1;1.33E-08;0.2544;0;0.1;4384.3477;5.702;;gelu_new;0.1;0.1;0.00001;1024;768;1024;0.1;true;0.1;true;1;;
gpt2-htype_20eAdamFull;gpt2;0.728;0.562;0.618;0.790;20;12;AdamW;true;1.460028172;finished;htype;12302;40.0444;0.00002;20;Fullrun;79.687;42560;"[""GPT2LMHeadModel""]";1;;0.9;0.999;1.00E-08;false;;;;;50256;;;;;;false;0;true;None;[];None;false;0;true;true;false;true;;false;;0;;50256;64;20;no;;auto;false;O1;1;false;None;false;;;;;LABEL_0;LABEL_1;LABEL_2;LABEL_3;LABEL_4;LABEL_5;LABEL_6;LABEL_7;LABEL_8;false;0.02;;false;false;0;1;2;3;4;5;6;7;8;None;0;;length;1;false;-1;runs/May21_10-11-23_b04e75a858a2;false;20;steps;linear;1;20;;;-1;None;0;gpt2;;12;;12;;false;0;;1;1;;false;/content/gdrive/MyDrive/ColabNotebooks/SavedModels/gpt2;false;false;true;50256;-1;64;12;None;None;;;;;;;false;;false;;;false;true;1;['wandb'];None;true;false;gpt2-htype_20eAdamFull;;5000;steps;1;42;;;[];;true;;;;cls_index;true;true;50;;1;false;;true;50;1;false;false;None;04.06.2001;;;false;true;false;50257;0;0;b04e75a858a2;-;Tesla V100-SXM2-16GB;1;1.15E-08;0.1862;1.17E+16;0.1;11088.7224;3.838;;gelu_new;0.1;0.1;0.00001;1024;768;1024;0.1;true;0.1;true;;;
;;;;;;;;;;;;htype;;;;;;;;;;;;;;;;;;;;;;;;;;;;;;;;;;;;;;;;;;;;;;;;;;;;;;;;;;;;;;;;;;;;;;;;;;;;;;;;;;;;;;;;;;;;;;;;;;;;;;;;;;;;;;;;;;;;;;;;;;;;;;;;;;;;;;;;;;;;;;;;;;;;;;;;;;;;;;;;;;;;;;;;;;;;;;;;;;;;;;;;;;;;;;;;;;;;;;;;;;
H-Type k=9;Mean all (N=30);0.820;0.742;0.770;0.800;;;;;;;htype;;;;;;;;;;;;;;;;;;;;;;;;;;;;;;;;;;;;;;;;;;;;;;;;;;;;;;;;;;;;;;;;;;;;;;;;;;;;;;;;;;;;;;;;;;;;;;;;;;;;;;;;;;;;;;;;;;;;;;;;;;;;;;;;;;;;;;;;;;;;;;;;;;;;;;;;;;;;;;;;;;;;;;;;;;;;;;;;;;;;;;;;;;;;;;;;;;;;;;;;;;
;SD (N=30);0.051;0.095;0.050;0.020;;;;;;;htype;;;;;;;;;;;;;;;;;;;;;;;;;;;;;;;;;;;;;;;;;;;;;;;;;;;;;;;;;;;;;;;;;;;;;;;;;;;;;;;;;;;;;;;;;;;;;;;;;;;;;;;;;;;;;;;;;;;;;;;;;;;;;;;;;;;;;;;;;;;;;;;;;;;;;;;;;;;;;;;;;;;;;;;;;;;;;;;;;;;;;;;;;;;;;;;;;;;;;;;;;;
;;;;;;;;;;;;htype;;;;;;;;;;;;;;;;;;;;;;;;;;;;;;;;;;;;;;;;;;;;;;;;;;;;;;;;;;;;;;;;;;;;;;;;;;;;;;;;;;;;;;;;;;;;;;;;;;;;;;;;;;;;;;;;;;;;;;;;;;;;;;;;;;;;;;;;;;;;;;;;;;;;;;;;;;;;;;;;;;;;;;;;;;;;;;;;;;;;;;;;;;;;;;;;;;;;;;;;;;
;Mean non-GPT (n=25);0.806;0.783;0.792;0.800;;;;;;;htype;;;;;;;;;;;;;;;;;;;;;;;;;;;;;;;;;;;;;;;;;;;;;;;;;;;;;;;;;;;;;;;;;;;;;;;;;;;;;;;;;;;;;;;;;;;;;;;;;;;;;;;;;;;;;;;;;;;;;;;;;;;;;;;;;;;;;;;;;;;;;;;;;;;;;;;;;;;;;;;;;;;;;;;;;;;;;;;;;;;;;;;;;;;;;;;;;;;;;;;;;;
;SD non-GPT (n=25);0.017;0.019;0.008;0.022;;;;;;;htype;;;;;;;;;;;;;;;;;;;;;;;;;;;;;;;;;;;;;;;;;;;;;;;;;;;;;;;;;;;;;;;;;;;;;;;;;;;;;;;;;;;;;;;;;;;;;;;;;;;;;;;;;;;;;;;;;;;;;;;;;;;;;;;;;;;;;;;;;;;;;;;;;;;;;;;;;;;;;;;;;;;;;;;;;;;;;;;;;;;;;;;;;;;;;;;;;;;;;;;;;;
;;;;;;;;;;;;;;;;;;;;;;;;;;;;;;;;;;;;;;;;;;;;;;;;;;;;;;;;;;;;;;;;;;;;;;;;;;;;;;;;;;;;;;;;;;;;;;;;;;;;;;;;;;;;;;;;;;;;;;;;;;;;;;;;;;;;;;;;;;;;;;;;;;;;;;;;;;;;;;;;;;;;;;;;;;;;;;;;;;;;;;;;;;;;;;;;;;;;;;;;;;;;;;;;;;;;;;
;Mean GPT (n=5);0.867;0.607;0.699;0.801;;;;;;;;;;;;;;;;;;;;;;;;;;;;;;;;;;;;;;;;;;;;;;;;;;;;;;;;;;;;;;;;;;;;;;;;;;;;;;;;;;;;;;;;;;;;;;;;;;;;;;;;;;;;;;;;;;;;;;;;;;;;;;;;;;;;;;;;;;;;;;;;;;;;;;;;;;;;;;;;;;;;;;;;;;;;;;;;;;;;;;;;;;;;;;;;;;;;;;;;;;;;;;;;;
;SD GPT (n=5);0.087;0.116;0.063;0.009;;;;;;;;;;;;;;;;;;;;;;;;;;;;;;;;;;;;;;;;;;;;;;;;;;;;;;;;;;;;;;;;;;;;;;;;;;;;;;;;;;;;;;;;;;;;;;;;;;;;;;;;;;;;;;;;;;;;;;;;;;;;;;;;;;;;;;;;;;;;;;;;;;;;;;;;;;;;;;;;;;;;;;;;;;;;;;;;;;;;;;;;;;;;;;;;;;;;;;;;;;;;;;;;;
