Name;precision;recall;F1;eval/accuracy;eval/loss;adafactor;train_batch_size;num_train_epochs;_name_or_path;State;Tags;Runtime;eval/runtime;learning_rate;train/epoch;eval/samples_per_second;train/global_step;model_type;N-Heads;N-Layers;vocab_size;architectures;adam_beta1;adam_beta2;adam_epsilon;add_cross_attention;attention_dropout;attention_probs_dropout_prob;attn_type;bi_data;bos_token_id;clamp_len;d_head;d_inner;d_model;dataloader_drop_last;dataloader_num_workers;dataloader_pin_memory;ddp_find_unused_parameters;debug;deepspeed;dim;disable_tqdm;diversity_penalty;do_eval;do_predict;do_sample;do_train;dropout;early_stopping;embedding_size;encoder_no_repeat_ngram_size;end_n_top;eos_token_id;eval_batch_size;eval_steps;evaluation_strategy;ff_activation;fp16;fp16_backend;fp16_full_eval;fp16_opt_level;gradient_accumulation_steps;gradient_checkpointing;greater_is_better;group_by_length;hidden_act;hidden_dim;hidden_dropout_prob;hidden_size;id2label.0;id2label.1;id2label.2;id2label.3;id2label.4;id2label.5;id2label.6;id2label.7;id2label.8;ignore_data_skip;initializer_range;intermediate_size;is_decoder;is_encoder_decoder;label2id.LABEL_0;label2id.LABEL_1;label2id.LABEL_2;label2id.LABEL_3;label2id.LABEL_4;label2id.LABEL_5;label2id.LABEL_6;label2id.LABEL_7;label2id.LABEL_8;label_names;label_smoothing_factor;layer_norm_eps;length_column_name;length_penalty;load_best_model_at_end;local_rank;logging_dir;lr_scheduler_type;max_grad_norm;max_length;max_position_embeddings;max_relative_positions;num_attention_heads;n_head;n_heads;n_layer;num_hidden_layers;n_layers;no_cuda;no_repeat_ngram_size;N-Heads;N-Layers;num_beam_groups;num_beams;output_attentions;output_dir;output_hidden_states;output_scores;overwrite_output_dir;per_device_train_batch_size;per_gpu_eval_batch_size;per_gpu_train_batch_size;pooler_dropout;pooler_hidden_act;pooler_hidden_size;pos_att_type;position_biased_input;position_embedding_type;prediction_loss_only;problem_type;push_to_hub;qa_dropout;relative_attention;remove_invalid_values;remove_unused_columns;repetition_penalty;report_to;resume_from_checkpoint;return_dict;return_dict_in_generate;run_name;same_length;save_steps;save_strategy;save_total_limit;seed;sent_type_vocab_size;seq_classif_dropout;sharded_ddp;sinusoidal_pos_embds;skip_memory_metrics;start_n_top;summary_activation;summary_last_dropout;summary_type;summary_use_proj;task_specific_params.text-generation.do_sample;task_specific_params.text-generation.max_length;task_type_vocab_size;temperature;tie_encoder_decoder;tie_weights_;tie_word_embeddings;top_k;top_p;torchscript;tpu_metrics_debug;tpu_num_cores;transformers_version;type_vocab_size;untie_r;use_bfloat16;use_cache;use_legacy_prediction_loop;warmup_steps;weight_decay;Hostname;Notes;GPU Type;GPU Count;train/learning_rate;train/loss;train/total_flos;warmup_ratio;train/train_runtime;train/train_samples_per_second;directionality;activation_function;attn_pdrop;embd_pdrop;layer_norm_epsilon;n_ctx;n_embd;n_positions;resid_pdrop;scale_attn_weights;summary_first_dropout;summary_proj_to_labels;_num_labels;n_special;predict_special_tokens
ernie-tiny-htype_5e;0.843;0.736;0.777;0.748;0.751;false;128;5;nghuyong/ernie-tiny;finished;;1713;11.1997;0.00002;5;284.919;1000;bert;16;3;50006;;0.9;0.999;1.00E-08;false;;0.1;;;;;;;;false;0;true;None;[];None;;false;0;true;true;false;true;;false;;0;;;64;20;no;;true;auto;false;O1;1;false;None;false;relu;;0.1;1024;LABEL_0;LABEL_1;LABEL_2;LABEL_3;LABEL_4;LABEL_5;LABEL_6;LABEL_7;LABEL_8;false;0.02;4096;false;false;0;1;2;3;4;5;6;7;8;None;0;0.00001;length;1;false;-1;runs/May27_21-43-02_3c89244b6238;linear;1;20;600;;16;;;;3;;false;0;16;3;1;1;false;/content/gdrive/MyDrive/ColabNotebooks/SavedModels/nghuyong/ernie-tiny;false;false;true;128;None;None;;;;;;absolute;false;;false;;;false;true;1;['wandb'];None;true;false;ernie-tiny-htype_5e;;5000;steps;1;42;;;[];;true;;;;;;;;;1;false;;true;50;1;false;false;None;04.06.2001;2;;false;true;false;0;0;3c89244b6238;-;Tesla P100-PCIE-16GB;1;0;0.7576;1.77781E+16;0.1;1276.7329;0.783;bidi;;;;;;;;;;;;;;
ernie-tiny-htype3e;0.847;0.733;0.775;0.743;0.759;false;128;3;nghuyong/ernie-tiny;finished;;2539;11.5964;0.00002;3;275.173;600;bert;16;3;50006;;0.9;0.999;1.00E-08;false;;0.1;;;;;;;;false;0;true;None;[];None;;false;0;true;true;false;true;;false;;0;;;64;20;no;;true;auto;false;O1;1;false;None;false;relu;;0.1;1024;LABEL_0;LABEL_1;LABEL_2;LABEL_3;LABEL_4;LABEL_5;LABEL_6;LABEL_7;LABEL_8;false;0.02;4096;false;false;0;1;2;3;4;5;6;7;8;None;0;0.00001;length;1;false;-1;runs/May27_21-30-25_f7078ec85e73;linear;1;20;600;;16;;;;3;;false;0;16;3;1;1;false;/content/gdrive/MyDrive/ColabNotebooks/SavedModels/nghuyong/ernie-tiny;false;false;true;128;None;None;;;;;;absolute;false;;false;;;false;true;1;['wandb'];None;true;false;ernie-tiny-htype3e;;5000;steps;1;42;;;[];;true;;;;;;;;;1;false;;true;50;1;false;false;None;04.06.2001;2;;false;true;false;0;0;f7078ec85e73;-;Tesla P100-PCIE-16GB;1;0;0.7759;1.06669E+16;0.1;779.9314;0.769;bidi;;;;;;;;;;;;;;
xlnet-hdeg_0_1_3e;0.996;0.996;0.996;0.999;0.009;false;32;3;xlnet-base-cased;finished;hdeg_0to1;6612;51.9123;0.00002;3;57.79;2814;xlnet;12;12;32000;"[""XLNetLMHeadModel""]";0.9;0.999;1.00E-08;false;;;bi;false;1;-1;64;3072;768;false;0;true;None;[];None;;false;0;true;true;false;true;0.1;false;;0;5;2;64;20;no;gelu;true;auto;false;O1;1;;None;false;;;;;LABEL_0;LABEL_1;;;;;;;;false;0.02;;false;false;0;1;;;;;;;;None;0;1.00E-12;length;1;false;-1;runs/May27_15-53-54_f7078ec85e73;linear;1;20;;;;12;;12;;;false;0;12;12;1;1;false;/content/gdrive/MyDrive/ColabNotebooks/SavedModels/xlnet-base-cased;false;false;true;32;None;None;;;;;;;false;;false;;;false;true;1;['wandb'];None;true;false;xlnet-hdeg_0_1_3e;false;5000;steps;1;42;;;[];;true;5;tanh;0.1;last;true;true;250;;1;false;;true;50;1;false;false;None;04.06.2001;;true;false;;false;0;0;f7078ec85e73;-;Tesla P100-PCIE-16GB;1;1.34E-07;0.009;1.6217E+16;0.1;3779.3298;0.745;;;;;;;;;;;;;;;
xlnet-htype_5e;0.802;0.790;0.794;0.815;0.573;false;32;5;xlnet-base-cased;finished;htype;6069;57.7138;0.00002;5;55.29;3990;xlnet;12;12;32000;"[""XLNetLMHeadModel""]";0.9;0.999;1.00E-08;false;;;bi;false;1;-1;64;3072;768;false;0;true;None;[];None;;false;0;true;true;false;true;0.1;false;;0;5;2;64;20;no;gelu;true;auto;false;O1;1;;None;false;;;;;LABEL_0;LABEL_1;LABEL_2;LABEL_3;LABEL_4;LABEL_5;LABEL_6;LABEL_7;LABEL_8;false;0.02;;false;false;0;1;2;3;4;5;6;7;8;None;0;1.00E-12;length;1;false;-1;runs/May27_13-48-45_f7078ec85e73;linear;1;20;;;;12;;12;;;false;0;12;12;1;1;false;/content/gdrive/MyDrive/ColabNotebooks/SavedModels/xlnet-base-cased;false;false;true;32;None;None;;;;;;;false;;false;;;false;true;1;['wandb'];None;true;false;xlnet-htype_5e;false;5000;steps;1;42;;;[];;true;5;tanh;0.1;last;true;true;250;;1;false;;true;50;1;false;false;None;04.06.2001;;true;false;;false;0;0;f7078ec85e73;-;Tesla P100-PCIE-16GB;1;7.24E-08;0.3574;2.30022E+16;0.1;5352.8849;0.745;;;;;;;;;;;;;;;
electra-L-htype_5e;0.790;0.789;0.789;0.806;0.630;true;16;5;google/electra-large-discriminator;finished;htype;18195;89.4047;0.00002;5;35.692;7980;electra;16;24;30522;"[""ElectraForPreTraining""]";0.9;0.999;1.00E-08;false;;0.1;;;;;;;;false;0;true;None;[];None;;false;0;true;true;false;true;;false;1024;0;;;64;20;no;;true;auto;false;O1;1;;None;false;gelu;;0.1;1024;LABEL_0;LABEL_1;LABEL_2;LABEL_3;LABEL_4;LABEL_5;LABEL_6;LABEL_7;LABEL_8;false;0.02;4096;false;false;0;1;2;3;4;5;6;7;8;None;0;1.00E-12;length;1;false;-1;runs/May27_13-28-23_3c89244b6238;cosine;1;20;512;;16;;;;24;;false;0;16;24;1;1;false;/content/gdrive/MyDrive/ColabNotebooks/SavedModels/google/electra-large-discriminator;false;false;true;16;None;None;;;;;;absolute;false;;false;;;false;true;1;['wandb'];None;true;false;electra-L-htype_5e;;5000;steps;1;42;;;[];;true;;gelu;0.1;first;true;;;;1;false;;true;50;1;false;false;None;04.06.2001;2;;false;;false;0;0;f7078ec85e73;-;Tesla P100-PCIE-16GB;1;1.88E-10;0.3926;2.45391E+16;0.1;12248.6006;0.652;;;;;;;;;;;;;;;
distilroberta-hdeg_5e;0.566;0.538;0.546;0.541;0.975;true;128;5;distilroberta-base;finished;hdeg_0to5;4243;14.685;0.00002;5;204.289;1175;roberta;12;6;50265;"[""RobertaForMaskedLM""]";0.9;0.999;1.00E-08;false;;0.1;;;0;;;;;false;0;true;None;[];None;;false;0;true;true;false;true;;false;;0;;2;64;20;no;;true;auto;false;O1;1;false;None;false;gelu;;0.1;768;LABEL_0;LABEL_1;LABEL_2;LABEL_3;LABEL_4;LABEL_5;;;;false;0.02;3072;false;false;0;1;2;3;4;5;;;;None;0;0.00001;length;1;false;-1;runs/May27_12-33-12_f7078ec85e73;cosine;1;20;514;;12;;;;6;;false;0;12;6;1;1;false;/content/gdrive/MyDrive/ColabNotebooks/SavedModels/distilroberta-base;false;false;true;128;None;None;;;;;;absolute;false;;false;;;false;true;1;['wandb'];None;true;false;distilroberta-hdeg_5e;;5000;steps;1;42;;;[];;true;;;;;;;;;1;false;;true;50;1;false;false;None;04.06.2001;1;;false;true;false;0;0;f7078ec85e73;-;Tesla P100-PCIE-16GB;1;9.94E-09;0.9202;1.89211E+16;0.1;1886.4562;0.623;;;;;;;;;;;;;;;
distilroberta-htype_20e;0.794;0.786;0.789;0.800;0.779;true;128;20;distilroberta-base;finished;htype;6657;13.362;0.00002;20;238.811;4000;roberta;12;6;50265;"[""RobertaForMaskedLM""]";0.9;0.999;1.00E-08;false;;0.1;;;0;;;;;false;0;true;None;[];None;;false;0;true;true;false;true;;false;;0;;2;64;20;no;;true;auto;false;O1;1;false;None;false;gelu;;0.1;768;LABEL_0;LABEL_1;LABEL_2;LABEL_3;LABEL_4;LABEL_5;LABEL_6;LABEL_7;LABEL_8;false;0.02;3072;false;false;0;1;2;3;4;5;6;7;8;None;0;0.00001;length;1;false;-1;runs/May27_10-27-26_f7078ec85e73;cosine;1;20;514;;12;;;;6;;false;0;12;6;1;1;false;/content/gdrive/MyDrive/ColabNotebooks/SavedModels/distilroberta-base;false;false;true;128;None;None;;;;;;absolute;false;;false;;;false;true;1;['wandb'];None;true;false;distilroberta-htype_20e;;5000;steps;1;42;;;[];;true;;;;;;;;;1;false;;true;50;1;false;false;None;04.06.2001;1;;false;true;false;0;0;f7078ec85e73;-;Tesla P100-PCIE-16GB;1;1.52E-11;0.1501;6.44094E+16;0.1;6409.2647;0.624;;;;;;;;;;;;;;;
electra-L-hdeg_5e;0.627;0.526;0.563;0.515;1.577;true;16;5;google/electra-large-discriminator;finished;hdeg_0to5;10230;50.4535;0.00002;5;39.64;6250;electra;16;24;30522;"[""ElectraForPreTraining""]";0.9;0.999;1.00E-08;false;;0.1;;;;;;;;false;0;true;None;[];None;;false;0;true;true;false;true;;false;1024;0;;;64;20;no;;false;auto;false;O1;1;;None;false;gelu;;0.1;1024;LABEL_0;LABEL_1;LABEL_2;LABEL_3;LABEL_4;LABEL_5;;;;false;0.02;4096;false;false;0;1;2;3;4;5;;;;None;0;1.00E-12;length;1;false;-1;runs/May27_10-15-57_3c89244b6238;cosine;1;20;512;;16;;;;24;;false;0;16;24;1;1;false;/content/gdrive/MyDrive/ColabNotebooks/SavedModels/google/electra-large-discriminator;false;false;true;16;None;None;;;;;;absolute;false;;false;;;false;true;1;['wandb'];None;true;false;electra-L-hdeg_5e;;5000;steps;1;42;;;[];;true;;gelu;0.1;first;true;;;;1;false;;true;50;1;false;false;None;04.06.2001;2;;false;;false;0;0;3c89244b6238;-;Tesla P100-PCIE-16GB;1;1.56E-10;0.7785;1.02957E+16;0.1;8984.9784;0.696;;;;;;;;;;;;;;;
distilroberta-htype_10e;0.801;0.786;0.792;0.814;0.602;true;64;10;distilroberta-base;finished;htype;4651;15.2942;0.00002;10;208.642;3990;roberta;12;6;50265;"[""RobertaForMaskedLM""]";0.9;0.999;1.00E-08;false;;0.1;;;0;;;;;false;0;true;None;[];None;;false;0;true;true;false;true;;false;;0;;2;64;20;no;;true;auto;false;O1;1;false;None;false;gelu;;0.1;768;LABEL_0;LABEL_1;LABEL_2;LABEL_3;LABEL_4;LABEL_5;LABEL_6;LABEL_7;LABEL_8;false;0.02;3072;false;false;0;1;2;3;4;5;6;7;8;None;0;0.00001;length;1;false;-1;runs/May27_08-59-29_f7078ec85e73;cosine;1;20;514;;12;;;;6;;false;0;12;6;1;1;false;/content/gdrive/MyDrive/ColabNotebooks/SavedModels/distilroberta-base;false;false;true;64;None;None;;;;;;absolute;false;;false;;;false;true;1;['wandb'];None;true;false;distilroberta-htype_10e;;5000;steps;1;42;;;[];;true;;;;;;;;;1;false;;true;50;1;false;false;None;04.06.2001;1;;false;true;false;0;0;f7078ec85e73;-;Tesla P100-PCIE-16GB;1;5.51E-10;0.2449;3.22047E+16;0.1;3373.8364;1.183;;;;;;;;;;;;;;;
distilroberta-htype_5e;0.809;0.788;0.797;0.817;0.523;true;64;5;distilroberta-base;finished;htype;1956;15.2234;0.00002;5;209.612;1995;roberta;12;6;50265;"[""RobertaForMaskedLM""]";0.9;0.999;1.00E-08;false;;0.1;;;0;;;;;false;0;true;None;[];None;;false;0;true;true;false;true;;false;;0;;2;64;20;no;;true;auto;false;O1;1;false;None;false;gelu;;0.1;768;LABEL_0;LABEL_1;LABEL_2;LABEL_3;LABEL_4;LABEL_5;LABEL_6;LABEL_7;LABEL_8;false;0.02;3072;false;false;0;1;2;3;4;5;6;7;8;None;0;0.00001;length;1;false;-1;runs/May27_08-25-39_f7078ec85e73;cosine;1;20;514;;12;;;;6;;false;0;12;6;1;1;false;/content/gdrive/MyDrive/ColabNotebooks/SavedModels/distilroberta-base;false;false;true;64;None;None;;;;;;absolute;false;;false;;;false;true;1;['wandb'];None;true;false;distilroberta-htype_5e;;5000;steps;1;42;;;[];;true;;;;;;;;;1;false;;true;50;1;false;false;None;04.06.2001;1;;false;true;false;0;0;f7078ec85e73;-;Tesla P100-PCIE-16GB;1;3.92E-09;0.4677;1.61023E+16;0.1;1689.219;1.181;;;;;;;;;;;;;;;
roberta-htype_5e;0.811;0.801;0.804;0.812;0.550;true;32;5;roberta-base;finished;htype;4080;28.2903;0.00002;5;112.795;3990;roberta;12;12;50265;"[""RobertaForMaskedLM""]";0.9;0.999;1.00E-08;false;;0.1;;;0;;;;;false;0;true;None;[];None;;false;0;true;true;false;true;;false;;0;;2;64;20;no;;true;auto;false;O1;1;false;None;false;gelu;;0.1;768;LABEL_0;LABEL_1;LABEL_2;LABEL_3;LABEL_4;LABEL_5;LABEL_6;LABEL_7;LABEL_8;false;0.02;3072;false;false;0;1;2;3;4;5;6;7;8;None;0;0.00001;length;1;false;-1;runs/May27_07-13-58_f7078ec85e73;cosine;1;20;514;;12;;;;12;;false;0;12;12;1;1;false;/content/gdrive/MyDrive/ColabNotebooks/SavedModels/roberta-base;false;false;true;32;None;None;;;;;;absolute;false;;false;;;false;true;1;['wandb'];None;true;false;roberta-htype_5e;;5000;steps;1;42;;;[];;true;;;;;;;;;1;false;;true;50;1;false;false;None;04.06.2001;1;;false;true;false;0;0;f7078ec85e73;-;Tesla P100-PCIE-16GB;1;6.47E-10;0.3779;2.44407E+16;0.1;3687.1256;1.082;;;;;;;;;;;;;;;
gpt2-hdeg_20e;0.250;0.237;0.203;0.539;3.003;true;16;20;gpt2;finished;hdeg_0to5;13420;18.5302;0.00004;20;107.932;25000;gpt2;12;12;50257;"[""GPT2LMHeadModel""]";0.9;0.999;1.00E-08;false;;;;;50256;;;;;false;0;true;None;[];None;;false;0;true;true;false;true;;false;;0;;50256;64;20;no;;false;auto;false;O1;1;false;None;false;;;;;LABEL_0;LABEL_1;LABEL_2;LABEL_3;LABEL_4;LABEL_5;;;;false;0.02;;false;false;0;1;2;3;4;5;;;;None;0;;length;1;false;-1;runs/May27_06-08-54_3c89244b6238;cosine;1;20;;;;12;;12;;;false;0;12;12;1;1;false;/content/gdrive/MyDrive/ColabNotebooks/SavedModels/gpt2;false;false;true;16;None;None;;;;;;;false;;false;;;false;true;1;['wandb'];None;true;false;gpt2-hdeg_20e;;5000;steps;1;42;;;[];;true;;;;cls_index;true;true;50;;1;false;;true;50;1;false;false;None;04.06.2001;;;false;true;false;0;0;3c89244b6238;-;Tesla P100-PCIE-16GB;1;0;0.1846;0;0.1;12752.5719;1.96;;gelu_new;0.1;0.1;0.00001;1024;768;1024;0.1;true;0.1;true;;;
distilgpt2-hdeg_20e;0.345;0.147;0.170;0.529;2.579;true;16;20;distilgpt2;finished;hdeg_0to5;31892;8.4097;0.00003;20;356.731;37500;gpt2;12;6;50257;"[""GPT2LMHeadModel""]";0.9;0.999;1.00E-08;false;;;;;50256;;;;;false;0;true;None;[];None;;false;0;true;true;false;true;;false;;0;;50256;64;20;no;;true;auto;false;O1;1;false;None;false;;;;;LABEL_0;LABEL_1;LABEL_2;LABEL_3;LABEL_4;LABEL_5;;;;false;0.02;;false;false;0;1;2;3;4;5;;;;None;0;;length;1;false;-1;runs/May26_21-27-28_517e9e523873;cosine;1;20;;;;12;;6;;;false;0;12;6;1;1;false;/content/gdrive/MyDrive/ColabNotebooks/SavedModels/distilgpt2;false;false;true;16;None;None;;;;;;;false;;false;;;false;true;1;['wandb'];None;true;false;distilgpt2-hdeg_20e;;5000;steps;1;42;;;[];;true;;;;cls_index;true;true;50;;1;false;;true;50;1;false;false;None;04.06.2001;;;false;true;false;0;0;f7078ec85e73;-;Tesla P100-PCIE-16GB;1;2.60E-11;0.2324;5.03299E+15;0.1;4226.569;8.872;;gelu_new;0.1;0.1;0.00001;1024;768;1024;0.1;true;0.1;true;1;;
distilgpt2-hdeg_10eL2;0.436;0.328;0.308;0.531;1.291;true;16;10;distilgpt2;finished;hdeg_0to5;7180;5.6397;0.00003;10;354.628;12500;gpt2;12;6;50257;"[""GPT2LMHeadModel""]";0.9;0.999;1.00E-08;false;;;;;50256;;;;;false;0;true;None;[];None;;false;0;true;true;false;true;;false;;0;;50256;64;20;no;;true;auto;false;O1;1;false;None;false;;;;;LABEL_0;LABEL_1;LABEL_2;LABEL_3;LABEL_4;LABEL_5;;;;false;0.02;;false;false;0;1;2;3;4;5;;;;None;0;;length;1;false;-1;runs/May26_20-41-34_517e9e523873;cosine;1;20;;;;12;;6;;;false;0;12;6;1;1;false;/content/gdrive/MyDrive/ColabNotebooks/SavedModels/distilgpt2;false;false;true;16;None;None;;;;;;;false;;false;;;false;true;1;['wandb'];None;true;false;distilgpt2-hdeg_10eL2;;5000;steps;1;42;;;[];;true;;;;cls_index;true;true;50;;1;false;;true;50;1;false;false;None;04.06.2001;;;false;true;false;0;0;517e9e523873;-;Tesla V100-SXM2-16GB;1;4.74E-11;0.7016;5.03299E+15;0.1;1396.7266;8.949;;gelu_new;0.1;0.1;0.00001;1024;768;1024;0.1;true;0.1;true;1;;
distilgpt2-hdeg_10eL2;0.510;0.329;0.319;0.530;1.106;true;16;10;distilgpt2;finished;hdeg_0to5;1716;5.6658;0.00002;10;352.997;12500;gpt2;12;6;50257;"[""GPT2LMHeadModel""]";0.9;0.999;1.00E-08;false;;;;;50256;;;;;false;0;true;None;[];None;;false;0;true;true;false;true;;false;;0;;50256;64;20;no;;true;auto;false;O1;1;false;None;false;;;;;LABEL_0;LABEL_1;LABEL_2;LABEL_3;LABEL_4;LABEL_5;;;;false;0.02;;false;false;0;1;2;3;4;5;;;;None;0;;length;1;false;-1;runs/May26_20-11-21_517e9e523873;cosine;1;20;;;;12;;6;;;false;0;12;6;1;1;false;/content/gdrive/MyDrive/ColabNotebooks/SavedModels/distilgpt2;false;false;true;16;None;None;;;;;;;false;;false;;;false;true;1;['wandb'];None;true;false;distilgpt2-hdeg_10eL2;;5000;steps;1;42;;;[];;true;;;;cls_index;true;true;50;;1;false;;true;50;1;false;false;None;04.06.2001;;;false;true;false;0;0;517e9e523873;-;Tesla V100-SXM2-16GB;1;3.16E-11;0.8255;5.03299E+15;0.1;1400.9211;8.923;;gelu_new;0.1;0.1;0.00001;1024;768;1024;0.1;true;0.1;true;1;;
distilbert-htype_3e_FP16;0.814;0.785;0.797;0.805;0.552;true;32;3;distilbert-base-uncased;finished;htype;611;6.344;0.00002;3;315.26;1875;distilbert;12;6;30522;"[""DistilBertForMaskedLM""]";0.9;0.999;1.00E-08;false;0.1;;;;;;;;;false;0;true;None;[];None;768;false;0;true;true;false;true;0.1;false;;0;;;64;20;no;;true;auto;false;O1;1;;None;false;;3072;;;LABEL_0;LABEL_1;LABEL_2;LABEL_3;LABEL_4;LABEL_5;LABEL_6;LABEL_7;LABEL_8;false;0.02;;false;false;0;1;2;3;4;5;6;7;8;None;0;;length;1;false;-1;runs/May26_16-46-49_517e9e523873;cosine;1;20;512;;;;12;;;6;false;0;12;6;1;1;false;/content/gdrive/MyDrive/ColabNotebooks/SavedModels/distilbert-base-uncased;false;false;true;32;None;None;;;;;;;false;;false;0.1;;false;true;1;['wandb'];None;true;false;distilbert-htype_3e_FP16;;5000;steps;1;42;;0.2;[];false;true;;;;;;;;;1;false;true;true;50;1;false;false;None;04.06.2001;;;false;;false;0;0;517e9e523873;-;Tesla V100-SXM2-16GB;1;3.90E-09;0.5046;6.17107E+15;0.1;261.3591;7.174;;;;;;;;;;;;;;;
distilbert-htype_3eNoFP16;0.817;0.787;0.799;0.806;0.553;true;32;3;distilbert-base-uncased;finished;htype;834;6.2738;0.00002;3;318.785;1875;distilbert;12;6;30522;"[""DistilBertForMaskedLM""]";0.9;0.999;1.00E-08;false;0.1;;;;;;;;;false;0;true;None;[];None;768;false;0;true;true;false;true;0.1;false;;0;;;64;20;no;;false;auto;false;O1;1;;None;false;;3072;;;LABEL_0;LABEL_1;LABEL_2;LABEL_3;LABEL_4;LABEL_5;LABEL_6;LABEL_7;LABEL_8;false;0.02;;false;false;0;1;2;3;4;5;6;7;8;None;0;;length;1;false;-1;runs/May26_16-31-48_517e9e523873;cosine;1;20;512;;;;12;;;6;false;0;12;6;1;1;false;/content/gdrive/MyDrive/ColabNotebooks/SavedModels/distilbert-base-uncased;false;false;true;32;None;None;;;;;;;false;;false;0.1;;false;true;1;['wandb'];None;true;false;distilbert-htype_3eNoFP16;;5000;steps;1;42;;0.2;[];false;true;;;;;;;;;1;false;true;true;50;1;false;false;None;04.06.2001;;;false;;false;0;0;517e9e523873;-;Tesla V100-SXM2-16GB;1;3.90E-09;0.5042;6.17107E+15;0.1;495.4659;3.784;;;;;;;;;;;;;;;
bert-base-htype_10eAdam;0.797;0.787;0.791;0.803;1.137;false;32;10;bert-base-uncased;finished;htype;7860;28.5128;0.000025;10;111.915;7980;bert;12;12;30522;"[""BertForMaskedLM""]";0.9;0.999;1.00E-08;false;;0.1;;;;;;;;false;0;true;None;[];None;;false;0;true;true;false;true;;false;;0;;;64;20;no;;true;auto;false;O1;1;false;None;false;gelu;;0.1;768;LABEL_0;LABEL_1;LABEL_2;LABEL_3;LABEL_4;LABEL_5;LABEL_6;LABEL_7;LABEL_8;false;0.02;3072;false;false;0;1;2;3;4;5;6;7;8;None;0;1.00E-12;length;1;false;-1;runs/May26_09-42-27_b469aaab1f08;linear;1;20;512;;12;;;;12;;false;0;12;12;1;1;false;/content/gdrive/MyDrive/ColabNotebooks/SavedModels/bert-base-uncased;false;false;true;32;None;None;;;;;;absolute;false;;false;;;false;true;1;['wandb'];None;true;false;bert-base-htype_10eAdam;;5000;steps;1;42;;;[];;true;;;;;;;;;1;false;;true;50;1;false;false;None;04.06.2001;2;;false;true;false;0;0;b469aaab1f08;-;Tesla P100-PCIE-16GB;1;1.39E-08;0.0181;1.60332E+16;0.1;6890.9158;1.158;;;;;;;;;;;;;;;
bert-base-htype_5eAda;0.797;0.787;0.791;0.815;0.577;true;32;5;bert-base-uncased;finished;htype;4452;28.4581;0.00002;5;112.13;3990;bert;12;12;30522;"[""BertForMaskedLM""]";0.9;0.999;1.00E-08;false;;0.1;;;;;;;;false;0;true;None;[];None;;false;0;true;true;false;true;;false;;0;;;64;20;no;;true;auto;false;O1;1;false;None;false;gelu;;0.1;768;LABEL_0;LABEL_1;LABEL_2;LABEL_3;LABEL_4;LABEL_5;LABEL_6;LABEL_7;LABEL_8;false;0.02;3072;false;false;0;1;2;3;4;5;6;7;8;None;0;1.00E-12;length;1;false;-1;runs/May26_08-25-09_b469aaab1f08;cosine;1;20;512;;12;;;;12;;false;0;12;12;1;1;false;/content/gdrive/MyDrive/ColabNotebooks/SavedModels/bert-base-uncased;false;false;true;32;None;None;;;;;;absolute;false;;false;;;false;true;1;['wandb'];None;true;false;bert-base-htype_5eAda;;5000;steps;1;42;;;[];;true;;;;;;;;;1;false;;true;50;1;false;false;None;04.06.2001;2;;false;true;false;0;0;b469aaab1f08;-;Tesla P100-PCIE-16GB;1;5.51E-10;0.344;2.14676E+16;0.1;3683.3256;1.083;;;;;;;;;;;;;;;
xlnet-hdeg_3eAdam;0.597;0.544;0.554;0.542;0.989;false;32;3;xlnet-base-cased;finished;hdeg_0to5;34916;51.8087;0.00002;3;57.905;2814;xlnet;12;12;32000;"[""XLNetLMHeadModel""]";0.9;0.999;1.00E-08;false;;;bi;false;1;-1;64;3072;768;false;0;true;None;[];None;;false;0;true;true;false;true;0.1;false;;0;5;2;64;20;no;gelu;true;auto;false;O1;1;;None;false;;;;;LABEL_0;LABEL_1;LABEL_2;LABEL_3;LABEL_4;LABEL_5;;;;false;0.02;;false;false;0;1;2;3;4;5;;;;None;0;1.00E-12;length;1;false;-1;runs/May25_20-53-32_f7d59b7535af;linear;1;20;;;;12;;12;;;false;0;12;12;1;1;false;/content/gdrive/MyDrive/ColabNotebooks/SavedModels/xlnet-base-cased;false;false;true;32;None;None;;;;;;;false;;false;;;false;true;1;['wandb'];None;true;false;xlnet-hdeg_3eAdam;false;5000;steps;1;42;;;[];;true;5;tanh;0.1;last;true;true;250;;1;false;;true;50;1;false;false;None;04.06.2001;;true;false;;false;0;0;b469aaab1f08;-;Tesla P100-PCIE-16GB;1;1.26E-07;0.9401;1.62174E+16;0.1;3779.514;0.745;;;;;;;;;;;;;;;
ernie-htype_1eAdam;0.813;0.788;0.796;0.808;0.550;false;16;1;nghuyong/ernie-2.0-en;finished;htype;214155;28.2534;0.00002;1;112.942;1596;bert;12;12;30522;;0.9;0.999;1.00E-08;false;;0.1;;;;;;;;false;0;true;None;[];None;;false;0;true;true;false;true;;false;;0;;;64;20;no;;true;auto;false;O1;1;false;None;false;gelu;;0.1;768;LABEL_0;LABEL_1;LABEL_2;LABEL_3;LABEL_4;LABEL_5;LABEL_6;LABEL_7;LABEL_8;false;0.02;3072;false;false;0;1;2;3;4;5;6;7;8;None;0;0.00001;length;1;false;-1;runs/May25_10-38-32_f7d59b7535af;linear;1;20;512;;12;;;;12;;false;0;12;12;1;1;false;/content/gdrive/MyDrive/ColabNotebooks/SavedModels/nghuyong/ernie-2.0-en;false;false;true;16;None;None;;;;;;absolute;false;;false;;;false;true;1;['wandb'];None;true;false;ernie-htype_1eAdam;;5000;steps;1;42;4;;[];;true;;;;;;;;16;1;false;;true;50;1;false;false;None;04.06.2001;4;;false;true;false;0;0;f7078ec85e73;-;Tesla P100-PCIE-16GB;1;2.37E-07;0.6275;4.29358E+15;0.1;759.6515;2.101;;;;;;;;;;;;;;;
ernie-L--hdeg_0to5_5eAdamWa;0.603;0.583;0.571;0.543;1.553;false;8;5;nghuyong/ernie-2.0-large-en;finished;hdeg_0to5;30205;43.2745;0.00002;5;69.325;18750;bert;16;24;30522;;0.9;0.999;1.00E-08;false;;0.1;;;;;;;;false;0;true;None;[];None;;false;0;true;true;false;true;;false;;0;;;64;20;no;;false;auto;false;O1;1;false;None;false;gelu;;0.1;1024;LABEL_0;LABEL_1;LABEL_2;LABEL_3;LABEL_4;LABEL_5;;;;false;0.02;4096;false;false;0;1;2;3;4;5;;;;None;0;0.00001;length;1;false;-1;runs/May25_09-47-28_862e0a014403;linear;1;20;512;;16;;;;24;;false;0;16;24;1;1;false;/content/gdrive/MyDrive/ColabNotebooks/SavedModels/nghuyong/ernie-2.0-large-en;false;false;true;8;None;None;;;;;;absolute;false;;false;;;false;true;1;['wandb'];None;true;false;ernie-L--hdeg_0to5_5eAdamWa;;5000;steps;1;42;4;;[];;true;;;;;;;;16;1;false;;true;50;1;false;false;None;04.06.2001;4;;false;true;false;0;0;862e0a014403;-;Tesla V100-SXM2-16GB;1;1.19E-08;0.6101;1.54437E+16;0.1;9356.2105;2.004;;;;;;;;;;;;;;;
distilgpt2-hdeg_0to1_5eAdam;0.933;0.933;0.933;0.996;0.018;false;32;5;distilgpt2;finished;hdeg_0to1;2853;10.3952;0.00002;5;288.594;4690;gpt2;12;6;50257;"[""GPT2LMHeadModel""]";0.9;0.999;1.00E-08;false;;;;;50256;;;;;false;0;true;None;[];None;;false;0;true;true;false;true;;false;;0;;50256;64;20;no;;false;auto;false;O1;1;false;None;false;;;;;LABEL_0;LABEL_1;;;;;;;;false;0.02;;false;false;0;1;;;;;;;;None;0;;length;1;false;-1;runs/May25_07-11-24_862e0a014403;linear;1;20;;;;12;;6;;;false;0;12;6;1;1;false;/content/gdrive/MyDrive/ColabNotebooks/SavedModels/distilgpt2;false;false;true;32;None;None;;;;;;;false;;false;;;false;true;1;['wandb'];None;true;false;distilgpt2-hdeg_0to1_5eAdam;;5000;steps;1;42;;;[];;true;;;;cls_index;true;true;50;;1;false;;true;50;1;false;false;None;04.06.2001;;;false;true;false;0;0;862e0a014403;-;Tesla V100-SXM2-16GB;1;4.74E-08;0.0008;1.8873E+16;0.1;1287.0081;3.644;;gelu_new;0.1;0.1;0.00001;1024;768;1024;0.1;true;0.1;true;1;;
distilgpt2-hdeg_0to1_5e;0.946;0.945;0.945;0.995;0.030;true;32;5;distilgpt2;finished;hdeg_0to1;1698;9.6142;0.00002;5;208.025;3125;gpt2;12;6;50257;"[""GPT2LMHeadModel""]";0.9;0.999;1.00E-08;false;;;;;50256;;;;;false;0;true;None;[];None;;false;0;true;true;false;true;;false;;0;;50256;64;20;no;;false;auto;false;O1;1;false;None;false;;;;;LABEL_0;LABEL_1;;;;;;;;false;0.02;;false;false;0;1;;;;;;;;None;0;;length;1;false;-1;runs/May22_22-28-39_c71cd6cf2f7c;cosine;1;20;;;;12;;6;;;false;0;12;6;1;1;false;/content/gdrive/MyDrive/ColabNotebooks/SavedModels/distilgpt2;false;false;true;32;None;None;;;;;;;false;;false;;;false;true;1;['wandb'];None;true;false;distilgpt2-hdeg_0to1_5e;;5000;steps;1;42;;;[];;true;;;;cls_index;true;true;50;;1;false;;true;50;1;false;false;None;04.06.2001;;;false;true;false;0;0;c71cd6cf2f7c;-;Tesla P100-PCIE-16GB;1;1.56E-10;0.0135;1.2582E+16;0.1;1496.0959;2.089;;gelu_new;0.1;0.1;0.00001;1024;768;1024;0.1;true;0.1;true;1;;
gpt2-htype_20eAdamFull;0.728;0.562;0.618;0.790;1.460;false;12;20;gpt2;finished;htype;12302;40.0444;0.00002;20;79.687;42560;gpt2;12;12;50257;"[""GPT2LMHeadModel""]";0.9;0.999;1.00E-08;false;;;;;50256;;;;;false;0;true;None;[];None;;false;0;true;true;false;true;;false;;0;;50256;64;20;no;;true;auto;false;O1;1;false;None;false;;;;;LABEL_0;LABEL_1;LABEL_2;LABEL_3;LABEL_4;LABEL_5;LABEL_6;LABEL_7;LABEL_8;false;0.02;;false;false;0;1;2;3;4;5;6;7;8;None;0;;length;1;false;-1;runs/May21_10-11-23_b04e75a858a2;linear;1;20;;;;12;;12;;;false;0;12;12;1;1;false;/content/gdrive/MyDrive/ColabNotebooks/SavedModels/gpt2;false;false;true;12;None;None;;;;;;;false;;false;;;false;true;1;['wandb'];None;true;false;gpt2-htype_20eAdamFull;;5000;steps;1;42;;;[];;true;;;;cls_index;true;true;50;;1;false;;true;50;1;false;false;None;04.06.2001;;;false;true;false;0;0;b04e75a858a2;-;Tesla V100-SXM2-16GB;1;1.15E-08;0.1862;1.17397E+16;0.1;11088.7224;3.838;;gelu_new;0.1;0.1;0.00001;1024;768;1024;0.1;true;0.1;true;;;
distilgpt2-htype50eFull;0.877;0.536;0.664;0.788;2.668;true;16;50;distilgpt2;finished;htype;299826;33.982;0.00002;50;93.903;79800;gpt2;12;6;50257;"[""GPT2LMHeadModel""]";0.9;0.999;1.00E-08;false;;;;;50256;;;;;false;0;true;None;[];None;;false;0;true;true;false;true;;false;;0;;50256;64;20;no;;true;auto;false;O1;1;false;None;false;;;;;LABEL_0;LABEL_1;LABEL_2;LABEL_3;LABEL_4;LABEL_5;LABEL_6;LABEL_7;LABEL_8;false;0.02;;false;false;0;1;2;3;4;5;6;7;8;None;0;;length;1;false;-1;runs/May21_10-09-16_7d1408c12223;cosine;1;20;;;;12;;6;;;false;0;12;6;1;1;false;/content/gdrive/MyDrive/ColabNotebooks/SavedModels/distilgpt2;false;false;true;16;None;None;;;;;;;false;;false;;;false;true;1;['wandb'];None;true;false;distilgpt2-htype50eFull;;5000;steps;1;42;;;[];;true;;;;cls_index;true;true;50;;1;false;;true;50;1;false;false;None;04.06.2001;;;false;true;false;0;0;a86d26dfcb26;-;Tesla P100-PCIE-16GB;1;1.38E-11;0.0055;1.93212E+16;0.1;44179.5406;1.806;;gelu_new;0.1;0.1;0.00001;1024;768;1024;0.1;true;0.1;true;1;;
distilgpt2-htype_20eAdamFull;0.936;0.524;0.669;0.801;1.020;false;16;20;distilgpt2;finished;htype;9560;19.2463;0.00002;20;165.798;31920;gpt2;12;6;50257;"[""GPT2LMHeadModel""]";0.9;0.999;1.00E-08;false;;;;;50256;;;;;false;0;true;None;[];None;;false;0;true;true;false;true;;false;;0;;50256;64;20;no;;true;auto;false;O1;1;false;None;false;;;;;LABEL_0;LABEL_1;LABEL_2;LABEL_3;LABEL_4;LABEL_5;LABEL_6;LABEL_7;LABEL_8;false;0.02;;false;false;0;1;2;3;4;5;6;7;8;None;0;;length;1;false;-1;runs/May21_07-28-01_b04e75a858a2;linear;1;20;;;;12;;6;;;false;0;12;6;1;1;false;/content/gdrive/MyDrive/ColabNotebooks/SavedModels/distilgpt2;false;false;true;16;None;None;;;;;;;false;;false;;;false;true;1;['wandb'];None;true;false;distilgpt2-htype_20eAdamFull;;5000;steps;1;42;;;[];;true;;;;cls_index;true;true;50;;1;false;;true;50;1;false;false;None;04.06.2001;;;false;true;false;0;0;b04e75a858a2;-;Tesla V100-SXM2-16GB;1;1.18E-08;0.2383;7.72787E+15;0.1;5525.7347;5.777;;gelu_new;0.1;0.1;0.00001;1024;768;1024;0.1;true;0.1;true;1;;
distilgpt2-htype_20eAdam;0.928;0.513;0.657;0.804;1.031;false;16;20;distilgpt2;finished;htype;42684;12.4449;0.00002;20;160.709;25000;gpt2;12;6;50257;"[""GPT2LMHeadModel""]";0.9;0.999;1.00E-08;false;;;;;50256;;;;;false;0;true;None;[];None;;false;0;true;true;false;true;;false;;0;;50256;64;20;no;;true;auto;false;O1;1;false;None;false;;;;;LABEL_0;LABEL_1;LABEL_2;LABEL_3;LABEL_4;LABEL_5;LABEL_6;LABEL_7;LABEL_8;false;0.02;;false;false;0;1;2;3;4;5;6;7;8;None;0;;length;1;false;-1;runs/May20_22-07-57_475a85d9057d;linear;1;20;;;;12;;6;;;false;0;12;6;1;1;false;/content/gdrive/MyDrive/ColabNotebooks/SavedModels/distilgpt2;false;false;true;16;None;None;;;;;;;false;;false;;;false;true;1;['wandb'];None;true;false;distilgpt2-htype_20eAdam;;5000;steps;1;42;;;[];;true;;;;cls_index;true;true;50;;1;false;;true;50;1;false;false;None;04.06.2000;;;false;true;false;0;0;b04e75a858a2;-;Tesla V100-SXM2-16GB;1;1.33E-08;0.2544;0;0.1;4384.3477;5.702;;gelu_new;0.1;0.1;0.00001;1024;768;1024;0.1;true;0.1;true;1;;
distilgpt2-htype10e;0.996;0.537;0.697;0.806;0.631;true;16;10;distilgpt2;finished;htype;4126;12.1879;0.00002;10;164.098;12500;gpt2;12;6;50257;"[""GPT2LMHeadModel""]";0.9;0.999;1.00E-08;false;;;;;50256;;;;;false;0;true;None;[];None;;false;0;true;true;false;true;;false;;0;;50256;64;20;no;;false;auto;false;O1;1;false;None;false;;;;;LABEL_0;LABEL_1;LABEL_2;LABEL_3;LABEL_4;LABEL_5;LABEL_6;LABEL_7;LABEL_8;false;0.02;;false;false;0;1;2;3;4;5;6;7;8;None;0;;length;1;false;-1;runs/May20_21-55-47_80e71143b324;cosine;1;20;;;;12;;6;;;false;0;12;6;1;1;false;/content/gdrive/MyDrive/ColabNotebooks/SavedModels/distilgpt2;false;false;true;16;None;None;;;;;;;false;;false;;;false;true;1;['wandb'];None;true;false;distilgpt2-htype10e;;5000;steps;1;42;;;[];;true;;;;cls_index;true;true;50;;1;false;;true;50;1;false;false;None;04.06.2001;;;false;true;false;0;0;80e71143b324;-;Tesla V100-SXM2-16GB;1;0;0.3931;1.00663E+16;0.1;4010.5317;3.117;;gelu_new;0.1;0.1;0.00001;1024;768;1024;0.1;true;0.1;true;1;;
distilgpt2-hdeg_5eAdam;0.563;0.197;0.218;0.528;0.990;false;16;5;distilgpt2;finished;hdeg_0to5;1459;12.4751;0.00002;5;160.32;6250;gpt2;12;6;50257;"[""GPT2LMHeadModel""]";0.9;0.999;1.00E-08;false;;;;;50256;;;;;false;0;true;None;[];None;;false;0;true;true;false;true;;false;;0;;50256;64;20;no;;true;auto;false;O1;1;false;None;false;;;;;LABEL_0;LABEL_1;LABEL_2;LABEL_3;LABEL_4;LABEL_5;;;;false;0.02;;false;false;0;1;2;3;4;5;;;;None;0;;length;1;false;-1;runs/May20_21-44-10_475a85d9057d;linear;1;20;;;;12;;6;;;false;0;12;6;1;1;false;/content/gdrive/MyDrive/ColabNotebooks/SavedModels/distilgpt2;false;false;true;16;None;None;;;;;;;false;;false;;;false;true;1;['wandb'];None;true;false;distilgpt2-hdeg_5eAdam;;5000;steps;1;42;;;[];;true;;;;cls_index;true;true;50;;1;false;;true;50;1;false;false;None;04.06.2000;;;false;true;false;0;0;475a85d9057d;-;Tesla V100-SXM2-16GB;1;6.04E-08;0.9332;5.03299E+15;0.1;1097.5299;5.695;;gelu_new;0.1;0.1;0.00001;1024;768;1024;0.1;true;0.1;true;1;;
gpt2-hdeg_3e;0.769;0.104;0.173;0.515;1.000;true;12;3;gpt2;finished;hdeg_0to5;1756;11.8591;0.00002;3;84.323;2502;gpt2;12;12;50257;"[""GPT2LMHeadModel""]";0.9;0.999;1.00E-08;false;;;;;50256;;;;;false;0;true;None;[];None;;false;0;true;true;false;true;;false;;0;;50256;64;20;no;;false;auto;false;O1;1;false;None;false;;;;;LABEL_0;LABEL_1;LABEL_2;LABEL_3;LABEL_4;LABEL_5;;;;false;0.02;;false;false;0;1;2;3;4;5;;;;None;0;;length;1;false;-1;runs/May20_21-13-34_80e71143b324;cosine;1;20;;;;12;;12;;;false;0;12;12;1;1;false;/content/gdrive/MyDrive/ColabNotebooks/SavedModels/gpt2;false;false;true;12;None;None;;;;;;;false;;false;;;false;true;1;['wandb'];None;true;false;gpt2-htype3e;;5000;steps;1;42;;;[];;true;;;;cls_index;true;true;50;;1;false;;true;50;1;false;false;None;04.06.2001;;;false;true;false;0;0;80e71143b324;-;Tesla V100-SXM2-16GB;1;3.90E-11;0.955;1.14688E+16;0.1;1203.423;2.079;;gelu_new;0.1;0.1;0.00001;1024;768;1024;0.1;true;0.1;true;;;
distilbert-hdeg_50eAdamB32;0.557;0.551;0.552;0.527;5.218;false;32;50;distilbert-base-uncased;finished;hdeg_0to5;4225;4.8427;0.00002;50;412.991;31250;distilbert;12;6;30522;"[""DistilBertForMaskedLM""]";0.9;0.999;1.00E-08;false;0.1;;;;;;;;;false;0;true;None;[];None;768;false;0;true;true;false;true;0.1;false;;0;;;64;20;no;;true;auto;false;O1;1;;None;false;;3072;;;LABEL_0;LABEL_1;LABEL_2;LABEL_3;LABEL_4;LABEL_5;;;;false;0.02;;false;false;0;1;2;3;4;5;;;;None;0;;length;1;false;-1;runs/May20_19-29-34_475a85d9057d;linear;1;20;512;;;;12;;;6;false;0;12;6;1;1;false;/content/gdrive/MyDrive/ColabNotebooks/SavedModels/distilbert-base-uncased;false;false;true;32;None;None;;;;;;;false;;false;0.1;;false;true;1;['wandb'];None;true;false;distilbert-hdeg_50eAdamB32;;5000;steps;1;42;;0.2;[];false;true;;;;;;;;;1;false;true;true;50;1;false;false;None;04.06.2000;;;false;;false;0;0;475a85d9057d;-;Tesla V100-SXM2-16GB;1;1.71E-08;0.0004;4.1139E+15;0.1;3725.7519;8.388;;;;;;;;;;;;;;;
distilbert-hdeg_50eAdam;0.553;0.549;0.550;0.545;6.010;false;12;50;distilbert-base-uncased;finished;hdeg_0to5;338795;4.8753;0.00002;50;410.231;83350;distilbert;12;6;30522;"[""DistilBertForMaskedLM""]";0.9;0.999;1.00E-08;false;0.1;;;;;;;;;false;0;true;None;[];None;768;false;0;true;true;false;true;0.1;false;;0;;;64;20;no;;true;auto;false;O1;1;;None;false;;3072;;;LABEL_0;LABEL_1;LABEL_2;LABEL_3;LABEL_4;LABEL_5;;;;false;0.02;;false;false;0;1;2;3;4;5;;;;None;0;;length;1;false;-1;runs/May20_16-21-12_475a85d9057d;linear;1;20;512;;;;12;;;6;false;0;12;6;1;1;false;/content/gdrive/MyDrive/ColabNotebooks/SavedModels/distilbert-base-uncased;false;false;true;12;None;None;;;;;;;false;;false;0.1;;false;true;1;['wandb'];None;true;false;distilbert-hdeg_50eAdam;;5000;steps;1;42;;0.2;[];false;true;;;;;;;;;1;false;true;true;50;1;false;false;None;04.06.2000;;;false;;false;0;0;a86d26dfcb26;-;Tesla P100-PCIE-16GB;1;1.25E-08;0.0029;4.13324E+15;0.1;5785.4915;14.407;;;;;;;;;;;;;;;
distilbert-hdeg_50eAda;0.553;0.555;0.553;0.532;6.222;true;12;50;distilbert-base-uncased;finished;hdeg_0to5;7655;4.8793;0.00002;50;409.897;83350;distilbert;12;6;30522;"[""DistilBertForMaskedLM""]";0.9;0.999;1.00E-08;false;0.1;;;;;;;;;false;0;true;None;[];None;768;false;0;true;true;false;true;0.1;false;;0;;;64;20;no;;true;auto;false;O1;1;;None;false;;3072;;;LABEL_0;LABEL_1;LABEL_2;LABEL_3;LABEL_4;LABEL_5;;;;false;0.02;;false;false;0;1;2;3;4;5;;;;None;0;;length;1;false;-1;runs/May20_14-11-20_475a85d9057d;cosine;1;20;512;;;;12;;;6;false;0;12;6;1;1;false;/content/gdrive/MyDrive/ColabNotebooks/SavedModels/distilbert-base-uncased;false;false;true;12;None;None;;;;;;;false;;false;0.1;;false;true;1;['wandb'];None;true;false;distilbert-hdeg_50eAda;;5000;steps;1;42;;0.2;[];false;true;;;;;;;;;1;false;true;true;50;1;false;false;None;04.06.2000;;;false;;false;0;0;475a85d9057d;-;Tesla V100-SXM2-16GB;1;1.78E-11;0.0109;4.13324E+15;0.1;7373.9711;11.303;;;;;;;;;;;;;;;
distilbert-hdeg_50eAda;0.564;0.564;0.563;0.525;5.987;true;12;50;distilbert-base-uncased;finished;hdeg_0to5;4720;2.4076;0.00002;50;415.353;41700;distilbert;12;6;30522;"[""DistilBertForMaskedLM""]";0.9;0.999;1.00E-08;false;0.1;;;;;;;;;false;0;true;None;[];None;768;false;0;true;true;false;true;0.1;false;;0;;;64;20;no;;true;auto;false;O1;1;;None;false;;3072;;;LABEL_0;LABEL_1;LABEL_2;LABEL_3;LABEL_4;LABEL_5;;;;false;0.02;;false;false;0;1;2;3;4;5;;;;None;0;;length;1;false;-1;runs/May20_12-46-28_475a85d9057d;cosine;1;20;512;;;;12;;;6;false;0;12;6;1;1;false;/content/gdrive/MyDrive/ColabNotebooks/SavedModels/distilbert-base-uncased;false;false;true;12;None;None;;;;;;;false;;false;0.1;;false;true;1;['wandb'];None;true;false;distilbert-htype_50eAda;;5000;steps;1;42;;0.2;[];false;true;;;;;;;;;1;false;true;true;50;1;false;false;None;04.06.2000;;;false;;false;0;0;475a85d9057d;-;Tesla V100-SXM2-16GB;1;1.01E-11;0;2.09562E+15;0.1;3668.2627;11.368;;;;;;;;;;;;;;;
distilbert-hdeg_3eAdam;0.580;0.569;0.572;0.548;0.975;false;12;3;distilbert-base-uncased;finished;hdeg_0to5;1243;2.4062;0.00002;3;415.59;2502;distilbert;12;6;30522;"[""DistilBertForMaskedLM""]";0.9;0.999;1.00E-08;false;0.1;;;;;;;;;false;0;true;None;[];None;768;false;0;true;true;false;true;0.1;false;;0;;;64;20;no;;true;auto;false;O1;1;;None;false;;3072;;;LABEL_0;LABEL_1;LABEL_2;LABEL_3;LABEL_4;LABEL_5;;;;false;0.02;;false;false;0;1;2;3;4;5;;;;None;0;;length;1;false;-1;runs/May20_11-58-52_475a85d9057d;linear;1;20;512;;;;12;;;6;false;0;12;6;1;1;false;/content/gdrive/MyDrive/ColabNotebooks/SavedModels/distilbert-base-uncased;false;false;true;12;None;None;;;;;;;false;;false;0.1;;false;true;1;['wandb'];None;true;false;distilbert-htype_5eAdam;;5000;steps;1;42;;0.2;[];false;true;;;;;;;;;1;false;true;true;50;1;false;false;None;04.06.2000;;;false;;false;0;0;475a85d9057d;-;Tesla V100-SXM2-16GB;1;3.55E-08;0.896;3.08543E+15;0.1;172.8317;14.477;;;;;;;;;;;;;;;
xlnet-hdeg_20e20000;0.545;0.535;0.538;0.525;4.577;false;12;20;xlnet-base-cased;finished;hdeg_0to5;11292;25.3397;0.00002;20;78.927;33340;xlnet;12;12;32000;"[""XLNetLMHeadModel""]";0.9;0.999;1.00E-08;false;;;bi;false;1;-1;64;3072;768;false;0;true;None;[];None;;false;0;true;true;false;true;0.1;false;;0;5;2;64;20;no;gelu;true;auto;false;O1;1;;None;false;;;;;LABEL_0;LABEL_1;LABEL_2;LABEL_3;LABEL_4;LABEL_5;;;;false;0.02;;false;false;0;1;2;3;4;5;;;;None;0;1.00E-12;length;1;false;-1;runs/May20_08-29-35_475a85d9057d;linear;1;20;;;;12;;12;;;false;0;12;12;1;1;false;/content/gdrive/MyDrive/ColabNotebooks/SavedModels/xlnet-base-cased;false;false;true;12;None;None;;;;;;;false;;false;;;false;true;1;['wandb'];None;true;false;xlnet-hdeg_20e20000;false;5000;steps;1;42;;;[];;true;5;tanh;0.1;last;true;true;250;;1;false;;true;50;1;false;false;None;04.06.2000;;true;false;;false;0;0;475a85d9057d;-;Tesla V100-SXM2-16GB;1;1.20E-08;0.0173;7.22E+15;0.1;7119.0679;4.683;;;;;;;;;;;;;;;
ernie-tiny-hdeg_0to5e20;0.524;0.525;0.524;0.524;1.383;true;12;20;nghuyong/ernie-tiny;finished;hdeg_0to5;71462;79.0244;0.00002;20;246.531;259760;bert;16;3;50006;;0.9;0.999;1.00E-08;false;;0.1;;;;;;;;false;0;true;None;[];None;;false;0;true;true;false;true;;false;;0;;;64;20;no;;true;auto;false;O1;1;false;None;false;relu;;0.1;1024;LABEL_0;LABEL_1;LABEL_2;LABEL_3;LABEL_4;LABEL_5;;;;false;0.02;4096;false;false;0;1;2;3;4;5;;;;None;0;0.00001;length;1;false;-1;runs/May19_12-38-20_b65331308953;cosine;1;20;600;;16;;;;3;;false;0;16;3;1;1;false;/content/gdrive/MyDrive/ColabNotebooks/SavedModels/nghuyong/ernie-tiny;false;false;true;12;None;None;;;;;;absolute;false;;false;;;false;true;1;['wandb'];None;true;false;ernie-tiny-htype_0to5e20;;5000;steps;1;42;;;[];;true;;;;;;;;;1;false;;true;50;1;false;false;None;04.06.2000;2;;false;true;false;0;0;92e4a7f97d3e;-;Tesla P100-PCIE-16GB;1;1.11E-11;0.6789;7.95441E+15;0.1;47950.3297;5.417;bidi;;;;;;;;;;;;;;
ernie-tiny-hdeg_0to5;0.562;0.537;0.543;0.534;0.985;true;12;5;nghuyong/ernie-tiny;finished;hdeg_0to5;13597;77.0901;0.00002;5;252.717;64940;bert;16;3;50006;;0.9;0.999;1.00E-08;false;;0.1;;;;;;;;false;0;true;None;[];None;;false;0;true;true;false;true;;false;;0;;;64;20;no;;true;auto;false;O1;1;false;None;false;relu;;0.1;1024;LABEL_0;LABEL_1;LABEL_2;LABEL_3;LABEL_4;LABEL_5;;;;false;0.02;4096;false;false;0;1;2;3;4;5;;;;None;0;0.00001;length;1;false;-1;runs/May19_08-36-14_b65331308953;cosine;1;20;600;;16;;;;3;;false;0;16;3;1;1;false;/content/gdrive/MyDrive/ColabNotebooks/SavedModels/nghuyong/ernie-tiny;false;false;true;12;None;None;;;;;;absolute;false;;false;;;false;true;1;['wandb'];None;true;false;ernie-tiny-htype_0to5;;5000;steps;1;42;;;[];;true;;;;;;;;;1;false;;true;50;1;false;false;None;04.06.2000;2;;false;true;false;0;0;b65331308953;-;Tesla P100-PCIE-16GB;1;1.13E-11;0.9254;8.25523E+15;0.1;11825.3621;5.492;bidi;;;;;;;;;;;;;;
xlnet-hdeg_5e;0.568;0.552;0.554;0.548;1.150;false;12;5;xlnet-base-cased;finished;hdeg_0to5;24833;177.7726;0.00002;5;56.252;41670;xlnet;12;12;32000;"[""XLNetLMHeadModel""]";0.9;0.999;1.00E-08;false;;;bi;false;1;-1;64;3072;768;false;0;true;None;[];None;;false;0;true;true;false;true;0.1;false;;0;5;2;64;20;no;gelu;true;auto;false;O1;1;;None;false;;;;;LABEL_0;LABEL_1;LABEL_2;LABEL_3;LABEL_4;LABEL_5;;;;false;0.02;;false;false;0;1;2;3;4;5;;;;None;0;1.00E-12;length;1;false;-1;runs/May19_06-09-49_67bb530ab9b1;linear;1;20;;;;12;;12;;;false;0;12;12;1;1;false;/content/gdrive/MyDrive/ColabNotebooks/SavedModels/xlnet-base-cased;false;false;true;12;None;None;;;;;;;false;;false;;;false;true;1;['wandb'];None;true;false;xlnet-hdeg_5e;false;5000;steps;1;42;;;[];;true;5;tanh;0.1;last;true;true;250;;1;false;;true;50;1;false;false;None;04.06.2000;;true;false;;false;0;0;67bb530ab9b1;-;Tesla P100-PCIE-16GB;1;1.49E-08;0.8211;3.60964E+15;0.1;23453.6851;1.777;;;;;;;;;;;;;;;
bert-base-hdeg_0to1_5e;0.997;0.997;0.997;0.998;0.017;true;12;5;bert-base-uncased;finished;hdeg_0to1;35086;42.8774;0.00001;5;116.612;20835;bert;12;12;30522;"[""BertForMaskedLM""]";0.9;0.999;1.00E-08;false;;0.1;;;;;;;;false;0;true;None;[];None;;false;0;true;true;false;true;;false;;0;;;64;20;no;;true;auto;false;O1;1;false;None;false;gelu;;0.1;768;LABEL_0;LABEL_1;;;;;;;;false;0.02;3072;false;false;0;1;;;;;;;;None;0;1.00E-12;length;1;false;-1;runs/May18_20-35-16_37af8247aa29;cosine;1;20;512;;12;;;;12;;false;0;12;12;1;1;false;/content/gdrive/MyDrive/ColabNotebooks/SavedModels/bert-base-uncased;false;false;true;12;None;None;;;;;;absolute;false;;false;;;false;true;1;['wandb'];None;true;false;bert-base-hdeg_0to1_5e;;5000;steps;1;42;;;[];;true;;;;;;;;;1;false;;true;50;1;false;false;None;04.06.2000;2;;false;true;false;0;0;66405bf74e79;-;Tesla V100-SXM2-16GB;1;4.04E-11;0.0004;1.68436E+15;0.1;9219.4287;2.26;;;;;;;;;;;;;;;
xlnet-hdeg_0to1_5e;0.997;0.997;0.997;0.997;0.016;false;12;5;xlnet-base-cased;finished;hdeg_0to1;5369;68.0023;0.00002;5;73.527;20835;xlnet;12;12;32000;"[""XLNetLMHeadModel""]";0.9;0.999;1.00E-08;false;;;bi;false;1;-1;64;3072;768;false;0;true;None;[];None;;false;0;true;true;false;true;0.1;false;;0;5;2;64;20;no;gelu;true;auto;false;O1;1;;None;false;;;;;LABEL_0;LABEL_1;;;;;;;;false;0.02;;false;false;0;1;;;;;;;;None;0;1.00E-12;length;1;false;-1;runs/May18_20-34-31_da864d617b0d;linear;1;20;;;;12;;12;;;false;0;12;12;1;1;false;/content/gdrive/MyDrive/ColabNotebooks/SavedModels/xlnet-base-cased;false;false;true;12;None;None;;;;;;;false;;false;;;false;true;1;['wandb'];None;true;false;xlnet-htype_0to1_5e;false;5000;steps;1;42;;;[];;true;5;tanh;0.1;last;true;true;250;;1;false;;true;50;1;false;false;None;04.06.2000;;true;false;;false;0;0;da864d617b0d;-;Tesla V100-SXM2-16GB;1;2.67E-08;0.0001;1.80477E+15;0.1;4514.3832;4.615;;;;;;;;;;;;;;;
ernie-hdeg_0to1_5e;0.996;0.996;0.996;0.997;0.025;true;12;5;nghuyong/ernie-2.0-en;finished;hdeg_0to1;9184;25.823;0.00002;5;193.626;20835;bert;12;12;30522;;0.9;0.999;1.00E-08;false;;0.1;;;;;;;;false;0;true;None;[];None;;false;0;true;true;false;true;;false;;0;;;64;20;no;;true;auto;false;O1;1;false;None;false;gelu;;0.1;768;LABEL_0;LABEL_1;;;;;;;;false;0.02;3072;false;false;0;1;;;;;;;;None;0;0.00001;length;1;false;-1;runs/May18_16-50-13_da864d617b0d;cosine;1;20;512;;12;;;;12;;false;0;12;12;1;1;false;/content/gdrive/MyDrive/ColabNotebooks/SavedModels/nghuyong/ernie-2.0-en;false;false;true;12;None;None;;;;;;absolute;false;;false;;;false;true;1;['wandb'];None;true;false;ernie-htype_0to1_5e;;5000;steps;1;42;4;;[];;true;;;;;;;;16;1;false;;true;50;1;false;false;None;04.06.2000;4;;false;true;false;0;0;da864d617b0d;-;Tesla V100-SXM2-16GB;1;8.08E-11;0;1.68439E+15;0.1;3427.623;6.079;;;;;;;;;;;;;;;
distilbert-base-hdeg_0to1_5e;0.997;0.997;0.997;0.997;0.017;true;12;5;distilbert-base-uncased;finished;hdeg_0to1;10067;22.2099;0.00001;5;225.125;20835;distilbert;12;6;30522;"[""DistilBertForMaskedLM""]";0.9;0.999;1.00E-08;false;0.1;;;;;;;;;false;0;true;None;[];None;768;false;0;true;true;false;true;0.1;false;;0;;;64;20;no;;true;auto;false;O1;1;;None;false;;3072;;;LABEL_0;LABEL_1;;;;;;;;false;0.02;;false;false;0;1;;;;;;;;None;0;;length;1;false;-1;runs/May18_16-38-45_37af8247aa29;cosine;1;20;512;;;;12;;;6;false;0;12;6;1;1;false;/content/gdrive/MyDrive/ColabNotebooks/SavedModels/distilbert-base-uncased;false;false;true;12;None;None;;;;;;;false;;false;0.1;;false;true;1;['wandb'];None;true;false;distilbert-base-hdeg_0to1_5e;;5000;steps;1;42;;0.2;[];false;true;;;;;;;;;1;false;true;true;50;1;false;false;None;04.06.2000;;;false;;false;0;0;37af8247aa29;-;Tesla P100-PCIE-16GB;1;4.39E-11;0.001;1.03007E+15;0.1;4642.2048;4.488;;;;;;;;;;;;;;;
distilbert-base-hdeg_0to1_10e;0.996;0.996;0.996;0.997;0.031;true;12;10;distilbert-base-uncased;finished;hdeg_0to1;10038;22.5212;0.00002;10;222.013;41670;distilbert;12;6;30522;"[""DistilBertForMaskedLM""]";0.9;0.999;1.00E-08;false;0.1;;;;;;;;;false;0;true;None;[];None;768;false;0;true;true;false;true;0.1;false;;0;;;64;20;no;;true;auto;false;O1;1;;None;false;;3072;;;LABEL_0;LABEL_1;;;;;;;;false;0.02;;false;false;0;1;;;;;;;;None;0;;length;1;false;-1;runs/May18_13-38-10_37af8247aa29;cosine;1;20;512;;;;12;;;6;false;0;12;6;1;1;false;/content/gdrive/MyDrive/ColabNotebooks/SavedModels/distilbert-base-uncased;false;false;true;12;None;None;;;;;;;false;;false;0.1;;false;true;1;['wandb'];None;true;false;distilbert-base-hdeg_0to1_10e;;5000;steps;1;42;;0.2;[];false;true;;;;;;;;;1;false;true;true;50;1;false;false;None;04.06.2000;;;false;;false;0;0;37af8247aa29;-;Tesla P100-PCIE-16GB;1;2.02E-11;0;2.06056E+15;0.1;9456.8692;4.406;;;;;;;;;;;;;;;
distilbert-base-hdeg_10e_learn1_5;0.534;0.531;0.531;0.529;2.020;true;12;10;distilbert-base-uncased;finished;hdeg_0to5;9797;22.2213;0.000015;10;225.009;41670;distilbert;12;6;30522;"[""DistilBertForMaskedLM""]";0.9;0.999;1.00E-08;false;0.1;;;;;;;;;false;0;true;None;[];None;768;false;0;true;true;false;true;0.1;false;;0;;;64;20;no;;true;auto;false;O1;1;;None;false;;3072;;;LABEL_0;LABEL_1;LABEL_2;LABEL_3;LABEL_4;LABEL_5;;;;false;0.02;;false;false;0;1;2;3;4;5;;;;None;0;;length;1;false;-1;runs/May18_10-02-01_37af8247aa29;cosine;1;20;512;;;;12;;;6;false;0;12;6;1;1;false;/content/gdrive/MyDrive/ColabNotebooks/SavedModels/distilbert-base-uncased;false;false;true;12;None;None;;;;;;;false;;false;0.1;;false;true;1;['wandb'];None;true;false;distilbert-base-hdeg_10e_learn1_5;;5000;steps;1;42;;0.2;[];false;true;;;;;;;;;1;false;true;true;50;1;false;false;None;04.06.2000;;;false;;false;0;0;37af8247aa29;-;Tesla P100-PCIE-16GB;1;2.06E-11;0.2236;2.06065E+15;0.1;9320.7151;4.471;;;;;;;;;;;;;;;
ernie-hdeg_balanced20e50000;0.551;0.543;0.544;0.535;4.519;true;12;20;nghuyong/ernie-2.0-en;finished;hdeg_0to5;16592;26.1353;0.00002;20;191.312;83340;bert;12;12;30522;;0.9;0.999;1.00E-08;false;;0.1;;;;;;;;false;0;true;None;[];None;;false;0;true;true;false;true;;false;;0;;;64;20;no;;true;auto;false;O1;1;false;None;false;gelu;;0.1;768;LABEL_0;LABEL_1;LABEL_2;LABEL_3;LABEL_4;LABEL_5;;;;false;0.02;3072;false;false;0;1;2;3;4;5;;;;None;0;0.00001;length;1;false;-1;runs/May18_08-14-37_da864d617b0d;cosine;1;20;512;;12;;;;12;;false;0;12;12;1;1;false;/content/gdrive/MyDrive/ColabNotebooks/SavedModels/nghuyong/ernie-2.0-en;false;false;true;12;None;None;;;;;;absolute;false;;false;;;false;true;1;['wandb'];None;true;false;ernie-hdeg_balanced20e50000;;5000;steps;1;42;4;;[];;true;;;;;;;;16;1;false;;true;50;1;false;false;None;04.06.2000;4;;false;true;false;0;0;da864d617b0d;-;Tesla V100-SXM2-16GB;1;1.07E-11;0.1238;6.73975E+15;0.1;14521.3555;5.739;;;;;;;;;;;;;;;
distilbert-base-hdeg_balanced20e;0.538;0.536;0.536;0.534;5.438;true;12;20;distilbert-base-uncased;finished;hdeg_0to5;19569;22.3018;0.00002;20;224.198;83340;distilbert;12;6;30522;"[""DistilBertForMaskedLM""]";0.9;0.999;1.00E-08;false;0.1;;;;;;;;;false;0;true;None;[];None;768;false;0;true;true;false;true;0.1;false;;0;;;64;20;no;;true;auto;false;O1;1;;None;false;;3072;;;LABEL_0;LABEL_1;LABEL_2;LABEL_3;LABEL_4;LABEL_5;;;;false;0.02;;false;false;0;1;2;3;4;5;;;;None;0;;length;1;false;-1;runs/May18_04-20-32_37af8247aa29;cosine;1;20;512;;;;12;;;6;false;0;12;6;1;1;false;/content/gdrive/MyDrive/ColabNotebooks/SavedModels/distilbert-base-uncased;false;false;true;12;None;None;;;;;;;false;;false;0.1;;false;true;1;['wandb'];None;true;false;distilbert-base-hdeg_balanced20e;;5000;steps;1;42;;0.2;[];false;true;;;;;;;;;1;false;true;true;50;1;false;false;None;04.06.2000;;;false;;false;0;0;37af8247aa29;-;Tesla P100-PCIE-16GB;1;1.07E-11;0;4.12172E+15;0.1;19122.8067;4.358;;;;;;;;;;;;;;;
ernie-hdeg_balanced5e;0.561;0.549;0.550;0.547;1.219;true;12;5;nghuyong/ernie-2.0-en;finished;hdeg_0to5;14018;99.6619;0.00002;5;195.481;64940;bert;12;12;30522;;0.9;0.999;1.00E-08;false;;0.1;;;;;;;;false;0;true;None;[];None;;false;0;true;true;false;true;;false;;0;;;64;20;no;;true;auto;false;O1;1;false;None;false;gelu;;0.1;768;LABEL_0;LABEL_1;LABEL_2;LABEL_3;LABEL_4;LABEL_5;;;;false;0.02;3072;false;false;0;1;2;3;4;5;;;;None;0;0.00001;length;1;false;-1;runs/May18_04-12-13_da864d617b0d;cosine;1;20;512;;12;;;;12;;false;0;12;12;1;1;false;/content/gdrive/MyDrive/ColabNotebooks/SavedModels/nghuyong/ernie-2.0-en;false;false;true;12;None;None;;;;;;absolute;false;;false;;;false;true;1;['wandb'];None;true;false;ernie-hdeg_balanced5e;;5000;steps;1;42;4;;[];;true;;;;;;;;16;1;false;;true;50;1;false;false;None;04.06.2000;4;;false;true;false;0;0;da864d617b0d;-;Tesla V100-SXM2-16GB;1;9.03E-12;0.7709;9.96869E+15;0.1;11017.9367;5.894;;;;;;;;;;;;;;;
ernie-hdeg_balanced5e;0.583;0.569;0.574;0.500;1.129;true;12;5;nghuyong/ernie-2.0-en;finished;hdeg_0to5;270;0.5829;0.00002;5;205.877;500;bert;12;12;30522;;0.9;0.999;1.00E-08;false;;0.1;;;;;;;;false;0;true;None;[];None;;false;0;true;true;false;true;;false;;0;;;64;20;no;;true;auto;false;O1;1;false;None;false;gelu;;0.1;768;LABEL_0;LABEL_1;LABEL_2;LABEL_3;LABEL_4;LABEL_5;;;;false;0.02;3072;false;false;0;1;2;3;4;5;;;;None;0;0.00001;length;1;false;-1;runs/May18_04-06-15_da864d617b0d;cosine;1;20;512;;12;;;;12;;false;0;12;12;1;1;false;/content/gdrive/MyDrive/ColabNotebooks/SavedModels/nghuyong/ernie-2.0-en;false;false;true;12;None;None;;;;;;absolute;false;;false;;;false;true;1;['wandb'];None;true;false;ernie-hdeg_balanced5e;;5000;steps;1;42;4;;[];;true;;;;;;;;16;1;false;;true;50;1;false;false;None;04.06.2000;4;;false;true;false;0;0;da864d617b0d;-;Tesla V100-SXM2-16GB;1;0;0.4825;1.00905E+15;0.1;86.8278;5.759;;;;;;;;;;;;;;;
distilbert-base-hdeg_balanced10e;0.551;0.547;0.546;0.545;2.216;true;12;10;distilbert-base-uncased;finished;hdeg_0to5;807526;82.6802;0.00002;10;235.631;129880;distilbert;12;6;30522;"[""DistilBertForMaskedLM""]";0.9;0.999;1.00E-08;false;0.1;;;;;;;;;false;0;true;None;[];None;768;false;0;true;true;false;true;0.1;false;;0;;;64;20;no;;true;auto;false;O1;1;;None;false;;3072;;;LABEL_0;LABEL_1;LABEL_2;LABEL_3;LABEL_4;LABEL_5;;;;false;0.02;;false;false;0;1;2;3;4;5;;;;None;0;;length;1;false;-1;runs/May17_07-48-06_ad5efe06ea4e;cosine;1;20;512;;;;12;;;6;false;0;12;6;1;1;false;/content/gdrive/MyDrive/ColabNotebooks/SavedModels/distilbert-base-uncased;false;false;true;12;None;None;;;;;;;false;;false;0.1;;false;true;1;['wandb'];None;true;false;distilbert-base-hdeg_balanced10e;;5000;steps;1;42;;0.2;[];false;true;;;;;;;;;1;false;true;true;50;1;false;false;None;04.06.2000;;;false;;false;0;0;517e9e523873;-;Tesla V100-SXM2-16GB;1;1.09E-11;0.2823;6.02235E+15;0.1;26783.8194;4.849;;;;;;;;;;;;;;;
deberta-L-hdeg_balanced10e;0.554;0.531;0.536;0.535;2.095;true;12;10;microsoft/deberta-base;finished;hdeg_0to5;39707;5.9918;0.00002;10;166.895;8340;deberta;12;12;50265;;0.9;0.999;1.00E-08;false;;0.1;;;;;;;;false;0;true;None;[];None;;false;0;true;true;false;true;;false;;0;;;64;20;no;;true;auto;false;O1;1;;None;false;gelu;;0.1;768;LABEL_0;LABEL_1;LABEL_2;LABEL_3;LABEL_4;LABEL_5;;;;false;0.02;3072;false;false;0;1;2;3;4;5;;;;None;0;1.00E-07;length;1;false;-1;runs/May16_20-56-22_0ff6b780eae3;cosine;1;20;512;-1;12;;;;12;;false;0;12;12;1;1;false;/content/gdrive/MyDrive/ColabNotebooks/SavedModels/microsoft/deberta-base;false;false;true;12;None;None;0;gelu;768;"[""c2p"",""p2c""]";false;;false;;false;;true;false;true;1;['wandb'];None;true;false;deberta-L-hdeg_balanced10e_more_devdata;;5000;steps;1;42;;;[];;true;;;;;;;;;1;false;;true;50;1;false;false;None;04.06.2000;0;;false;;false;0;0;f4d7d40df1b8;-;Tesla P100-PCIE-16GB;1;3.15E-11;0.2053;8.56081E+15;0.1;1935.6681;4.309;;;;;;;;;;;;;;;
deberta-L-hdeg_balanced10e;0.586;0.562;0.564;0.514;2.172;true;12;10;microsoft/deberta-base;finished;hdeg_0to5;2348;2.9967;0.00002;10;166.85;8340;deberta;12;12;50265;;0.9;0.999;1.00E-08;false;;0.1;;;;;;;;false;0;true;None;[];None;;false;0;true;true;false;true;;false;;0;;;64;20;no;;true;auto;false;O1;1;;None;false;gelu;;0.1;768;LABEL_0;LABEL_1;LABEL_2;LABEL_3;LABEL_4;LABEL_5;;;;false;0.02;3072;false;false;0;1;2;3;4;5;;;;None;0;1.00E-07;length;1;false;-1;runs/May16_20-11-16_0ff6b780eae3;cosine;1;20;512;-1;12;;;;12;;false;0;12;12;1;1;false;/content/gdrive/MyDrive/ColabNotebooks/SavedModels/microsoft/deberta-base;false;false;true;12;None;None;0;gelu;768;"[""c2p"",""p2c""]";false;;false;;false;;true;false;true;1;['wandb'];None;true;false;deberta-L-hdeg_balanced10e;;5000;steps;1;42;;;[];;true;;;;;;;;;1;false;;true;50;1;false;false;None;04.06.2000;0;;false;;false;0;0;0ff6b780eae3;-;Tesla V100-SXM2-16GB;1;3.15E-11;0.2053;8.56081E+15;0.1;1924.2965;4.334;;;;;;;;;;;;;;;
distilbert-base-hdeg_balanced5e;0.549;0.544;0.545;0.545;1.238;true;12;5;distilbert-base-uncased;finished;hdeg_0to5;44402;83.1007;0.00002;5;234.439;64940;distilbert;12;6;30522;"[""DistilBertForMaskedLM""]";0.9;0.999;1.00E-08;false;0.1;;;;;;;;;false;0;true;None;[];None;768;false;0;true;true;false;true;0.1;false;;0;;;64;20;no;;true;auto;false;O1;1;;None;false;;3072;;;LABEL_0;LABEL_1;LABEL_2;LABEL_3;LABEL_4;LABEL_5;;;;false;0.02;;false;false;0;1;2;3;4;5;;;;None;0;;length;1;false;-1;runs/May16_18-48-53_5c1c13de434c;cosine;1;20;512;;;;12;;;6;false;0;12;6;1;1;false;/content/gdrive/MyDrive/ColabNotebooks/SavedModels/distilbert-base-uncased;false;false;true;12;None;None;;;;;;;false;;false;0.1;;false;true;1;['wandb'];None;true;false;distilbert-base-hdeg_balanced5e;;5000;steps;1;42;;0.2;[];false;true;;;;;;;;;1;false;true;true;50;1;false;false;None;04.06.2000;;;false;;false;0;0;ad5efe06ea4e;-;Tesla P100-PCIE-16GB;1;9.77E-12;0.6983;6.0964E+15;0.1;13421.3381;4.839;;;;;;;;;;;;;;;
bert-base-htype_balanced20e;0.523;0.495;0.505;0.799;1.719;true;12;20;bert-base-uncased;finished;htype;17539;27.6806;0.00002;20;115.279;42560;bert;12;12;30522;"[""BertForSequenceClassification""]";0.9;0.999;1.00E-08;false;;0.1;;;;;;;;false;0;true;None;[];None;;false;0;true;true;false;true;;false;;0;;;64;20;no;;true;auto;false;O1;1;false;None;false;gelu;;0.1;768;LABEL_0;LABEL_1;LABEL_2;LABEL_3;LABEL_4;LABEL_5;LABEL_6;LABEL_7;LABEL_8;false;0.02;3072;false;false;0;1;2;3;4;5;6;7;8;None;0;1.00E-12;length;1;false;-1;runs/May16_14-41-37_5c1c13de434c;cosine;1;20;512;;12;;;;12;;false;0;12;12;1;1;false;/content/gdrive/MyDrive/ColabNotebooks/SavedModels/bert-base-uncased;false;false;true;12;None;None;;;;;;absolute;false;single_label_classification;false;;;false;true;1;['wandb'];None;true;false;bert-base-htype_balanced20e;;5000;steps;1;42;;;[];;true;;;;;;;;;1;false;;true;50;1;false;false;None;04.06.2000;2;;false;true;false;0;0;0ff6b780eae3;-;Tesla V100-SXM2-16GB;1;1.09E-11;0;5.16433E+15;0.1;9053.3106;4.701;;;;;;;;;;;;;;;
xlnet-L-htype_balanced5e;0.799;0.787;0.792;0.806;0.627;false;12;5;xlnet-large-cased;finished;htype;21529;113.0981;0.00002;5;28.214;10640;xlnet;16;24;32000;"[""XLNetLMHeadModel""]";0.9;0.999;1.00E-08;false;;;bi;false;1;-1;64;4096;1024;false;0;true;None;[];None;;false;0;true;true;false;true;0.1;false;;0;5;2;64;20;no;gelu;true;auto;false;O1;1;;None;false;;;;;LABEL_0;LABEL_1;LABEL_2;LABEL_3;LABEL_4;LABEL_5;LABEL_6;LABEL_7;LABEL_8;false;0.02;;false;false;0;1;2;3;4;5;6;7;8;None;0;1.00E-12;length;1;false;-1;runs/May16_07-41-40_5c70c0e4f86a;linear;1;20;;;;16;;24;;;false;0;16;24;1;1;false;/content/gdrive/MyDrive/ColabNotebooks/SavedModels/xlnet-large-cased;false;false;true;12;None;None;;;;;;;false;;false;;;false;true;1;['wandb'];None;true;false;xlnet-L-htype_balanced5e;false;5000;steps;1;42;;;[];;true;5;tanh;0.1;last;true;true;250;;1;false;;true;50;1;false;false;None;04.06.2000;;true;false;;false;0;0;35382d814956;-;;;1.67E-08;0.4337;4.25906E+15;0.1;6265.2051;1.698;;;;;;;;;;;;;;;
bertweet-htype_balanced20e;0.790;0.782;0.785;0.802;1.211;true;12;10;distilbert-base-uncased;finished;htype;52846;14.3102;0.00002;10;222.987;21280;distilbert;12;6;30522;"[""DistilBertForMaskedLM""]";0.9;0.999;1.00E-08;false;0.1;;;;;;;;;false;0;true;None;[];None;768;false;0;true;true;false;true;0.1;false;;0;;;64;20;no;;true;auto;false;O1;1;;None;false;;3072;;;LABEL_0;LABEL_1;LABEL_2;LABEL_3;LABEL_4;LABEL_5;LABEL_6;LABEL_7;LABEL_8;false;0.02;;false;false;0;1;2;3;4;5;6;7;8;None;0;;length;1;false;-1;runs/May15_23-27-05_ff1007b350e9;cosine;1;20;512;;;;12;;;6;false;0;12;6;1;1;false;/content/gdrive/MyDrive/ColabNotebooks/SavedModels/distilbert-base-uncased;false;false;true;12;None;None;;;;;;;false;;false;0.1;;false;true;1;['wandb'];None;true;false;distilbert-htype_balanced10e;;5000;steps;1;42;;0.2;[];false;true;;;;;;;;;1;false;true;true;50;1;false;false;None;04.06.2000;;;false;;false;0;0;35382d814956;-;;;1.35E-11;0.0943;1.57918E+15;0.1;4369.6263;4.87;;;;;;;;;;;;;;;
electra-base-htype_balanced20e;0.782;0.782;0.781;0.798;1.870;true;12;20;google/electra-base-discriminator;finished;htype;24786;28.2326;0.00002;20;113.025;42560;electra;12;12;30522;"[""ElectraForPreTraining""]";0.9;0.999;1.00E-08;false;;0.1;;;;;;;;false;0;true;None;[];None;;false;0;true;true;false;true;;false;768;0;;;64;20;no;;true;auto;false;O1;1;;None;false;gelu;;0.1;768;LABEL_0;LABEL_1;LABEL_2;LABEL_3;LABEL_4;LABEL_5;LABEL_6;LABEL_7;LABEL_8;false;0.02;3072;false;false;0;1;2;3;4;5;6;7;8;None;0;1.00E-12;length;1;false;-1;runs/May15_23-22-00_a267d83c535e;cosine;1;20;512;;12;;;;12;;false;0;12;12;1;1;false;/content/gdrive/MyDrive/ColabNotebooks/SavedModels/google/electra-base-discriminator;false;false;true;12;None;None;;;;;;absolute;false;;false;;;false;true;1;['wandb'];None;true;false;electra-base-htype_balanced20e;;5000;steps;1;42;;;[];;true;;gelu;0.1;first;true;;;;1;false;;true;50;1;false;false;None;04.06.2000;2;;false;;false;0;0;a267d83c535e;-;Tesla P100-PCIE-16GB;1;9.72E-12;0.0349;5.16433E+15;0.1;18875.9654;2.255;;;;;;;;;;;;;;;
distilbert-htype_balanced10e;0.790;0.782;0.785;0.802;1.211;true;12;10;distilbert-base-uncased;finished;htype;395733;14.4441;0.00002;10;220.92;21280;distilbert;12;6;30522;"[""DistilBertForMaskedLM""]";0.9;0.999;1.00E-08;false;0.1;;;;;;;;;false;0;true;None;[];None;768;false;0;true;true;false;true;0.1;false;;0;;;64;20;no;;true;auto;false;O1;1;;None;false;;3072;;;LABEL_0;LABEL_1;LABEL_2;LABEL_3;LABEL_4;LABEL_5;LABEL_6;LABEL_7;LABEL_8;false;0.02;;false;false;0;1;2;3;4;5;6;7;8;None;0;;length;1;false;-1;runs/May15_18-51-00_ff1007b350e9;cosine;1;20;512;;;;12;;;6;false;0;12;6;1;1;false;/content/gdrive/MyDrive/ColabNotebooks/SavedModels/distilbert-base-uncased;false;false;true;12;None;None;;;;;;;false;;false;0.1;;false;true;1;['wandb'];None;true;false;distilbert-htype_balanced10e;;5000;steps;1;42;;0.2;[];false;true;;;;;;;;;1;false;true;true;50;1;false;false;None;04.06.2000;;;false;;false;0;0;92e4a7f97d3e;-;Tesla P100-PCIE-16GB;1;1.35E-11;0.0943;1.57918E+15;0.1;4349.1412;4.893;;;;;;;;;;;;;;;
